protein_group_id,global_sample_id,sample_id,source_dataset,source_status,sample_type,protein_pdb,pocket_pdb,mapped_pocket_residue_count
protein_group_000001,PDBbind2020:1a42:accepted,1a42,PDBbind2020,accepted,accepted,/public/share/yanjianbin/liuyugeng/PLDB/PDBbind2020_process/1a42/1a42_protein_clean_single_chain.pdb,/public/share/yanjianbin/liuyugeng/PLDB/PDBbind2020_process/1a42/1a42_pocket_clean_single_chain.pdb,85
protein_group_000001,PDBbind2020:1avn:accepted,1avn,PDBbind2020,accepted,accepted,/public/share/yanjianbin/liuyugeng/PLDB/PDBbind2020_process/1avn/1avn_protein_clean_single_chain.pdb,/public/share/yanjianbin/liuyugeng/PLDB/PDBbind2020_process/1avn/1avn_pocket_clean_single_chain.pdb,49
protein_group_000001,PDBbind2020:1bcd:accepted,1bcd,PDBbind2020,accepted,accepted,/public/share/yanjianbin/liuyugeng/PLDB/PDBbind2020_process/1bcd/1bcd_protein_clean_single_chain.pdb,/public/share/yanjianbin/liuyugeng/PLDB/PDBbind2020_process/1bcd/1bcd_pocket_clean_single_chain.pdb,63
protein_group_000001,PDBbind2020:1bn1:accepted,1bn1,PDBbind2020,accepted,accepted,/public/share/yanjianbin/liuyugeng/PLDB/PDBbind2020_process/1bn1/1bn1_protein_clean_single_chain.pdb,/public/share/yanjianbin/liuyugeng/PLDB/PDBbind2020_process/1bn1/1bn1_pocket_clean_single_chain.pdb,74
protein_group_000001,PDBbind2020:1bn3:accepted,1bn3,PDBbind2020,accepted,accepted,/public/share/yanjianbin/liuyugeng/PLDB/PDBbind2020_process/1bn3/1bn3_protein_clean_single_chain.pdb,/public/share/yanjianbin/liuyugeng/PLDB/PDBbind2020_process/1bn3/1bn3_pocket_clean_single_chain.pdb,78
protein_group_000001,PDBbind2020:1bn4:accepted,1bn4,PDBbind2020,accepted,accepted,/public/share/yanjianbin/liuyugeng/PLDB/PDBbind2020_process/1bn4/1bn4_protein_clean_single_chain.pdb,/public/share/yanjianbin/liuyugeng/PLDB/PDBbind2020_process/1bn4/1bn4_pocket_clean_single_chain.pdb,75
protein_group_000001,PDBbind2020:1bnn:accepted,1bnn,PDBbind2020,accepted,accepted,/public/share/yanjianbin/liuyugeng/PLDB/PDBbind2020_process/1bnn/1bnn_protein_clean_single_chain.pdb,/public/share/yanjianbin/liuyugeng/PLDB/PDBbind2020_process/1bnn/1bnn_pocket_clean_single_chain.pdb,78
protein_group_000001,PDBbind2020:1bnm:accepted,1bnm,PDBbind2020,accepted,accepted,/public/share/yanjianbin/liuyugeng/PLDB/PDBbind2020_process/1bnm/1bnm_protein_clean_single_chain.pdb,/public/share/yanjianbin/liuyugeng/PLDB/PDBbind2020_process/1bnm/1bnm_pocket_clean_single_chain.pdb,84
protein_group_000001,PDBbind2020:1bnq:accepted,1bnq,PDBbind2020,accepted,accepted,/public/share/yanjianbin/liuyugeng/PLDB/PDBbind2020_process/1bnq/1bnq_protein_clean_single_chain.pdb,/public/share/yanjianbin/liuyugeng/PLDB/PDBbind2020_process/1bnq/1bnq_pocket_clean_single_chain.pdb,85
protein_group_000001,PDBbind2020:1bnt:accepted,1bnt,PDBbind2020,accepted,accepted,/public/share/yanjianbin/liuyugeng/PLDB/PDBbind2020_process/1bnt/1bnt_protein_clean_single_chain.pdb,/public/share/yanjianbin/liuyugeng/PLDB/PDBbind2020_process/1bnt/1bnt_pocket_clean_single_chain.pdb,78
protein_group_000001,PDBbind2020:1bnu:accepted,1bnu,PDBbind2020,accepted,accepted,/public/share/yanjianbin/liuyugeng/PLDB/PDBbind2020_process/1bnu/1bnu_protein_clean_single_chain.pdb,/public/share/yanjianbin/liuyugeng/PLDB/PDBbind2020_process/1bnu/1bnu_pocket_clean_single_chain.pdb,79
protein_group_000001,PDBbind2020:1bnw:accepted,1bnw,PDBbind2020,accepted,accepted,/public/share/yanjianbin/liuyugeng/PLDB/PDBbind2020_process/1bnw/1bnw_protein_clean_single_chain.pdb,/public/share/yanjianbin/liuyugeng/PLDB/PDBbind2020_process/1bnw/1bnw_pocket_clean_single_chain.pdb,76
protein_group_000001,PDBbind2020:1bnv:accepted,1bnv,PDBbind2020,accepted,accepted,/public/share/yanjianbin/liuyugeng/PLDB/PDBbind2020_process/1bnv/1bnv_protein_clean_single_chain.pdb,/public/share/yanjianbin/liuyugeng/PLDB/PDBbind2020_process/1bnv/1bnv_pocket_clean_single_chain.pdb,83
protein_group_000001,PDBbind2020:1cim:accepted,1cim,PDBbind2020,accepted,accepted,/public/share/yanjianbin/liuyugeng/PLDB/PDBbind2020_process/1cim/1cim_protein_clean_single_chain.pdb,/public/share/yanjianbin/liuyugeng/PLDB/PDBbind2020_process/1cim/1cim_pocket_clean_single_chain.pdb,78
protein_group_000001,PDBbind2020:1cil:accepted,1cil,PDBbind2020,accepted,accepted,/public/share/yanjianbin/liuyugeng/PLDB/PDBbind2020_process/1cil/1cil_protein_clean_single_chain.pdb,/public/share/yanjianbin/liuyugeng/PLDB/PDBbind2020_process/1cil/1cil_pocket_clean_single_chain.pdb,82
protein_group_000001,PDBbind2020:1cin:accepted,1cin,PDBbind2020,accepted,accepted,/public/share/yanjianbin/liuyugeng/PLDB/PDBbind2020_process/1cin/1cin_protein_clean_single_chain.pdb,/public/share/yanjianbin/liuyugeng/PLDB/PDBbind2020_process/1cin/1cin_pocket_clean_single_chain.pdb,81
protein_group_000001,PDBbind2020:1cnx:accepted,1cnx,PDBbind2020,accepted,accepted,/public/share/yanjianbin/liuyugeng/PLDB/PDBbind2020_process/1cnx/1cnx_protein_clean_single_chain.pdb,/public/share/yanjianbin/liuyugeng/PLDB/PDBbind2020_process/1cnx/1cnx_pocket_clean_single_chain.pdb,74
protein_group_000001,PDBbind2020:1cnw:accepted,1cnw,PDBbind2020,accepted,accepted,/public/share/yanjianbin/liuyugeng/PLDB/PDBbind2020_process/1cnw/1cnw_protein_clean_single_chain.pdb,/public/share/yanjianbin/liuyugeng/PLDB/PDBbind2020_process/1cnw/1cnw_pocket_clean_single_chain.pdb,76
protein_group_000001,PDBbind2020:1cny:accepted,1cny,PDBbind2020,accepted,accepted,/public/share/yanjianbin/liuyugeng/PLDB/PDBbind2020_process/1cny/1cny_protein_clean_single_chain.pdb,/public/share/yanjianbin/liuyugeng/PLDB/PDBbind2020_process/1cny/1cny_pocket_clean_single_chain.pdb,75
protein_group_000001,PDBbind2020:1eou:accepted,1eou,PDBbind2020,accepted,accepted,/public/share/yanjianbin/liuyugeng/PLDB/PDBbind2020_process/1eou/1eou_protein_clean_single_chain.pdb,/public/share/yanjianbin/liuyugeng/PLDB/PDBbind2020_process/1eou/1eou_pocket_clean_single_chain.pdb,83
protein_group_000001,PDBbind2020:1g1d:accepted,1g1d,PDBbind2020,accepted,accepted,/public/share/yanjianbin/liuyugeng/PLDB/PDBbind2020_process/1g1d/1g1d_protein_clean_single_chain.pdb,/public/share/yanjianbin/liuyugeng/PLDB/PDBbind2020_process/1g1d/1g1d_pocket_clean_single_chain.pdb,75
protein_group_000001,PDBbind2020:1g52:accepted,1g52,PDBbind2020,accepted,accepted,/public/share/yanjianbin/liuyugeng/PLDB/PDBbind2020_process/1g52/1g52_protein_clean_single_chain.pdb,/public/share/yanjianbin/liuyugeng/PLDB/PDBbind2020_process/1g52/1g52_pocket_clean_single_chain.pdb,77
protein_group_000001,PDBbind2020:1g53:accepted,1g53,PDBbind2020,accepted,accepted,/public/share/yanjianbin/liuyugeng/PLDB/PDBbind2020_process/1g53/1g53_protein_clean_single_chain.pdb,/public/share/yanjianbin/liuyugeng/PLDB/PDBbind2020_process/1g53/1g53_pocket_clean_single_chain.pdb,76
protein_group_000001,PDBbind2020:1g54:accepted,1g54,PDBbind2020,accepted,accepted,/public/share/yanjianbin/liuyugeng/PLDB/PDBbind2020_process/1g54/1g54_protein_clean_single_chain.pdb,/public/share/yanjianbin/liuyugeng/PLDB/PDBbind2020_process/1g54/1g54_pocket_clean_single_chain.pdb,76
protein_group_000001,PDBbind2020:1i90:accepted,1i90,PDBbind2020,accepted,accepted,/public/share/yanjianbin/liuyugeng/PLDB/PDBbind2020_process/1i90/1i90_protein_clean_single_chain.pdb,/public/share/yanjianbin/liuyugeng/PLDB/PDBbind2020_process/1i90/1i90_pocket_clean_single_chain.pdb,82
protein_group_000001,PDBbind2020:1i8z:accepted,1i8z,PDBbind2020,accepted,accepted,/public/share/yanjianbin/liuyugeng/PLDB/PDBbind2020_process/1i8z/1i8z_protein_clean_single_chain.pdb,/public/share/yanjianbin/liuyugeng/PLDB/PDBbind2020_process/1i8z/1i8z_pocket_clean_single_chain.pdb,88
protein_group_000001,PDBbind2020:1i91:accepted,1i91,PDBbind2020,accepted,accepted,/public/share/yanjianbin/liuyugeng/PLDB/PDBbind2020_process/1i91/1i91_protein_clean_single_chain.pdb,/public/share/yanjianbin/liuyugeng/PLDB/PDBbind2020_process/1i91/1i91_pocket_clean_single_chain.pdb,82
protein_group_000001,PDBbind2020:1if7:accepted,1if7,PDBbind2020,accepted,accepted,/public/share/yanjianbin/liuyugeng/PLDB/PDBbind2020_process/1if7/1if7_protein_clean_single_chain.pdb,/public/share/yanjianbin/liuyugeng/PLDB/PDBbind2020_process/1if7/1if7_pocket_clean_single_chain.pdb,77
protein_group_000001,PDBbind2020:1if8:accepted,1if8,PDBbind2020,accepted,accepted,/public/share/yanjianbin/liuyugeng/PLDB/PDBbind2020_process/1if8/1if8_protein_clean_single_chain.pdb,/public/share/yanjianbin/liuyugeng/PLDB/PDBbind2020_process/1if8/1if8_pocket_clean_single_chain.pdb,76
protein_group_000001,PDBbind2020:1kwq:accepted,1kwq,PDBbind2020,accepted,accepted,/public/share/yanjianbin/liuyugeng/PLDB/PDBbind2020_process/1kwq/1kwq_protein_clean_single_chain.pdb,/public/share/yanjianbin/liuyugeng/PLDB/PDBbind2020_process/1kwq/1kwq_pocket_clean_single_chain.pdb,80
protein_group_000001,PDBbind2020:1kwr:accepted,1kwr,PDBbind2020,accepted,accepted,/public/share/yanjianbin/liuyugeng/PLDB/PDBbind2020_process/1kwr/1kwr_protein_clean_single_chain.pdb,/public/share/yanjianbin/liuyugeng/PLDB/PDBbind2020_process/1kwr/1kwr_pocket_clean_single_chain.pdb,73
protein_group_000001,PDBbind2020:1okl:accepted,1okl,PDBbind2020,accepted,accepted,/public/share/yanjianbin/liuyugeng/PLDB/PDBbind2020_process/1okl/1okl_protein_clean_single_chain.pdb,/public/share/yanjianbin/liuyugeng/PLDB/PDBbind2020_process/1okl/1okl_pocket_clean_single_chain.pdb,79
protein_group_000001,PDBbind2020:1oq5:accepted,1oq5,PDBbind2020,accepted,accepted,/public/share/yanjianbin/liuyugeng/PLDB/PDBbind2020_process/1oq5/1oq5_protein_clean_single_chain.pdb,/public/share/yanjianbin/liuyugeng/PLDB/PDBbind2020_process/1oq5/1oq5_pocket_clean_single_chain.pdb,86
protein_group_000001,PDBbind2020:1ttm:accepted,1ttm,PDBbind2020,accepted,accepted,/public/share/yanjianbin/liuyugeng/PLDB/PDBbind2020_process/1ttm/1ttm_protein_clean_single_chain.pdb,/public/share/yanjianbin/liuyugeng/PLDB/PDBbind2020_process/1ttm/1ttm_pocket_clean_single_chain.pdb,77
protein_group_000001,PDBbind2020:1xpz:accepted,1xpz,PDBbind2020,accepted,accepted,/public/share/yanjianbin/liuyugeng/PLDB/PDBbind2020_process/1xpz/1xpz_protein_clean_single_chain.pdb,/public/share/yanjianbin/liuyugeng/PLDB/PDBbind2020_process/1xpz/1xpz_pocket_clean_single_chain.pdb,81
protein_group_000001,PDBbind2020:1xq0:accepted,1xq0,PDBbind2020,accepted,accepted,/public/share/yanjianbin/liuyugeng/PLDB/PDBbind2020_process/1xq0/1xq0_protein_clean_single_chain.pdb,/public/share/yanjianbin/liuyugeng/PLDB/PDBbind2020_process/1xq0/1xq0_pocket_clean_single_chain.pdb,83
protein_group_000001,PDBbind2020:1z9y:accepted,1z9y,PDBbind2020,accepted,accepted,/public/share/yanjianbin/liuyugeng/PLDB/PDBbind2020_process/1z9y/1z9y_protein_clean_single_chain.pdb,/public/share/yanjianbin/liuyugeng/PLDB/PDBbind2020_process/1z9y/1z9y_pocket_clean_single_chain.pdb,83
protein_group_000001,PDBbind2020:1ze8:accepted,1ze8,PDBbind2020,accepted,accepted,/public/share/yanjianbin/liuyugeng/PLDB/PDBbind2020_process/1ze8/1ze8_protein_clean_single_chain.pdb,/public/share/yanjianbin/liuyugeng/PLDB/PDBbind2020_process/1ze8/1ze8_pocket_clean_single_chain.pdb,80
protein_group_000001,PDBbind2020:1zfk:accepted,1zfk,PDBbind2020,accepted,accepted,/public/share/yanjianbin/liuyugeng/PLDB/PDBbind2020_process/1zfk/1zfk_protein_clean_single_chain.pdb,/public/share/yanjianbin/liuyugeng/PLDB/PDBbind2020_process/1zfk/1zfk_pocket_clean_single_chain.pdb,76
protein_group_000001,PDBbind2020:1zfq:accepted,1zfq,PDBbind2020,accepted,accepted,/public/share/yanjianbin/liuyugeng/PLDB/PDBbind2020_process/1zfq/1zfq_protein_clean_single_chain.pdb,/public/share/yanjianbin/liuyugeng/PLDB/PDBbind2020_process/1zfq/1zfq_pocket_clean_single_chain.pdb,69
protein_group_000001,PDBbind2020:1zge:accepted,1zge,PDBbind2020,accepted,accepted,/public/share/yanjianbin/liuyugeng/PLDB/PDBbind2020_process/1zge/1zge_protein_clean_single_chain.pdb,/public/share/yanjianbin/liuyugeng/PLDB/PDBbind2020_process/1zge/1zge_pocket_clean_single_chain.pdb,70
protein_group_000001,PDBbind2020:2aw1:accepted,2aw1,PDBbind2020,accepted,accepted,/public/share/yanjianbin/liuyugeng/PLDB/PDBbind2020_process/2aw1/2aw1_protein_clean_single_chain.pdb,/public/share/yanjianbin/liuyugeng/PLDB/PDBbind2020_process/2aw1/2aw1_pocket_clean_single_chain.pdb,86
protein_group_000001,PDBbind2020:2ez7:accepted,2ez7,PDBbind2020,accepted,accepted,/public/share/yanjianbin/liuyugeng/PLDB/PDBbind2020_process/2ez7/2ez7_protein_clean_single_chain.pdb,/public/share/yanjianbin/liuyugeng/PLDB/PDBbind2020_process/2ez7/2ez7_pocket_clean_single_chain.pdb,54
protein_group_000001,PDBbind2020:2f14:accepted,2f14,PDBbind2020,accepted,accepted,/public/share/yanjianbin/liuyugeng/PLDB/PDBbind2020_process/2f14/2f14_protein_clean_single_chain.pdb,/public/share/yanjianbin/liuyugeng/PLDB/PDBbind2020_process/2f14/2f14_pocket_clean_single_chain.pdb,82
protein_group_000001,PDBbind2020:2gd8:accepted,2gd8,PDBbind2020,accepted,accepted,/public/share/yanjianbin/liuyugeng/PLDB/PDBbind2020_process/2gd8/2gd8_protein_clean_single_chain.pdb,/public/share/yanjianbin/liuyugeng/PLDB/PDBbind2020_process/2gd8/2gd8_pocket_clean_single_chain.pdb,81
protein_group_000001,PDBbind2020:2h15:accepted,2h15,PDBbind2020,accepted,accepted,/public/share/yanjianbin/liuyugeng/PLDB/PDBbind2020_process/2h15/2h15_protein_clean_single_chain.pdb,/public/share/yanjianbin/liuyugeng/PLDB/PDBbind2020_process/2h15/2h15_pocket_clean_single_chain.pdb,86
protein_group_000001,PDBbind2020:2hd6:accepted,2hd6,PDBbind2020,accepted,accepted,/public/share/yanjianbin/liuyugeng/PLDB/PDBbind2020_process/2hd6/2hd6_protein_clean_single_chain.pdb,/public/share/yanjianbin/liuyugeng/PLDB/PDBbind2020_process/2hd6/2hd6_pocket_clean_single_chain.pdb,77
protein_group_000001,PDBbind2020:2hl4:accepted,2hl4,PDBbind2020,accepted,accepted,/public/share/yanjianbin/liuyugeng/PLDB/PDBbind2020_process/2hl4/2hl4_protein_clean_single_chain.pdb,/public/share/yanjianbin/liuyugeng/PLDB/PDBbind2020_process/2hl4/2hl4_pocket_clean_single_chain.pdb,78
protein_group_000001,PDBbind2020:2hnc:accepted,2hnc,PDBbind2020,accepted,accepted,/public/share/yanjianbin/liuyugeng/PLDB/PDBbind2020_process/2hnc/2hnc_protein_clean_single_chain.pdb,/public/share/yanjianbin/liuyugeng/PLDB/PDBbind2020_process/2hnc/2hnc_pocket_clean_single_chain.pdb,68
protein_group_000001,PDBbind2020:2hoc:accepted,2hoc,PDBbind2020,accepted,accepted,/public/share/yanjianbin/liuyugeng/PLDB/PDBbind2020_process/2hoc/2hoc_protein_clean_single_chain.pdb,/public/share/yanjianbin/liuyugeng/PLDB/PDBbind2020_process/2hoc/2hoc_pocket_clean_single_chain.pdb,77
protein_group_000001,PDBbind2020:2o4z:accepted,2o4z,PDBbind2020,accepted,accepted,/public/share/yanjianbin/liuyugeng/PLDB/PDBbind2020_process/2o4z/2o4z_protein_clean_single_chain.pdb,/public/share/yanjianbin/liuyugeng/PLDB/PDBbind2020_process/2o4z/2o4z_pocket_clean_single_chain.pdb,64
protein_group_000001,PDBbind2020:2osf:accepted,2osf,PDBbind2020,accepted,accepted,/public/share/yanjianbin/liuyugeng/PLDB/PDBbind2020_process/2osf/2osf_protein_clean_single_chain.pdb,/public/share/yanjianbin/liuyugeng/PLDB/PDBbind2020_process/2osf/2osf_pocket_clean_single_chain.pdb,67
protein_group_000001,PDBbind2020:2osm:accepted,2osm,PDBbind2020,accepted,accepted,/public/share/yanjianbin/liuyugeng/PLDB/PDBbind2020_process/2osm/2osm_protein_clean_single_chain.pdb,/public/share/yanjianbin/liuyugeng/PLDB/PDBbind2020_process/2osm/2osm_pocket_clean_single_chain.pdb,64
protein_group_000001,PDBbind2020:2pou:accepted,2pou,PDBbind2020,accepted,accepted,/public/share/yanjianbin/liuyugeng/PLDB/PDBbind2020_process/2pou/2pou_protein_clean_single_chain.pdb,/public/share/yanjianbin/liuyugeng/PLDB/PDBbind2020_process/2pou/2pou_pocket_clean_single_chain.pdb,81
protein_group_000001,PDBbind2020:2pov:accepted,2pov,PDBbind2020,accepted,accepted,/public/share/yanjianbin/liuyugeng/PLDB/PDBbind2020_process/2pov/2pov_protein_clean_single_chain.pdb,/public/share/yanjianbin/liuyugeng/PLDB/PDBbind2020_process/2pov/2pov_pocket_clean_single_chain.pdb,80
protein_group_000001,PDBbind2020:2pow:accepted,2pow,PDBbind2020,accepted,accepted,/public/share/yanjianbin/liuyugeng/PLDB/PDBbind2020_process/2pow/2pow_protein_clean_single_chain.pdb,/public/share/yanjianbin/liuyugeng/PLDB/PDBbind2020_process/2pow/2pow_pocket_clean_single_chain.pdb,82
protein_group_000001,PDBbind2020:2q1q:accepted,2q1q,PDBbind2020,accepted,accepted,/public/share/yanjianbin/liuyugeng/PLDB/PDBbind2020_process/2q1q/2q1q_protein_clean_single_chain.pdb,/public/share/yanjianbin/liuyugeng/PLDB/PDBbind2020_process/2q1q/2q1q_pocket_clean_single_chain.pdb,77
protein_group_000001,PDBbind2020:2q38:accepted,2q38,PDBbind2020,accepted,accepted,/public/share/yanjianbin/liuyugeng/PLDB/PDBbind2020_process/2q38/2q38_protein_clean_single_chain.pdb,/public/share/yanjianbin/liuyugeng/PLDB/PDBbind2020_process/2q38/2q38_pocket_clean_single_chain.pdb,69
protein_group_000001,PDBbind2020:2qo8:accepted,2qo8,PDBbind2020,accepted,accepted,/public/share/yanjianbin/liuyugeng/PLDB/PDBbind2020_process/2qo8/2qo8_protein_clean_single_chain.pdb,/public/share/yanjianbin/liuyugeng/PLDB/PDBbind2020_process/2qo8/2qo8_pocket_clean_single_chain.pdb,82
protein_group_000001,PDBbind2020:2qoa:accepted,2qoa,PDBbind2020,accepted,accepted,/public/share/yanjianbin/liuyugeng/PLDB/PDBbind2020_process/2qoa/2qoa_protein_clean_single_chain.pdb,/public/share/yanjianbin/liuyugeng/PLDB/PDBbind2020_process/2qoa/2qoa_pocket_clean_single_chain.pdb,75
protein_group_000001,PDBbind2020:2qp6:accepted,2qp6,PDBbind2020,accepted,accepted,/public/share/yanjianbin/liuyugeng/PLDB/PDBbind2020_process/2qp6/2qp6_protein_clean_single_chain.pdb,/public/share/yanjianbin/liuyugeng/PLDB/PDBbind2020_process/2qp6/2qp6_pocket_clean_single_chain.pdb,75
protein_group_000001,PDBbind2020:2wd3:accepted,2wd3,PDBbind2020,accepted,accepted,/public/share/yanjianbin/liuyugeng/PLDB/PDBbind2020_process/2wd3/2wd3_protein_clean_single_chain.pdb,/public/share/yanjianbin/liuyugeng/PLDB/PDBbind2020_process/2wd3/2wd3_pocket_clean_single_chain.pdb,89
protein_group_000001,PDBbind2020:2weg:accepted,2weg,PDBbind2020,accepted,accepted,/public/share/yanjianbin/liuyugeng/PLDB/PDBbind2020_process/2weg/2weg_protein_clean_single_chain.pdb,/public/share/yanjianbin/liuyugeng/PLDB/PDBbind2020_process/2weg/2weg_pocket_clean_single_chain.pdb,67
protein_group_000001,PDBbind2020:2weh:accepted,2weh,PDBbind2020,accepted,accepted,/public/share/yanjianbin/liuyugeng/PLDB/PDBbind2020_process/2weh/2weh_protein_clean_single_chain.pdb,/public/share/yanjianbin/liuyugeng/PLDB/PDBbind2020_process/2weh/2weh_pocket_clean_single_chain.pdb,70
protein_group_000001,PDBbind2020:2wej:accepted,2wej,PDBbind2020,accepted,accepted,/public/share/yanjianbin/liuyugeng/PLDB/PDBbind2020_process/2wej/2wej_protein_clean_single_chain.pdb,/public/share/yanjianbin/liuyugeng/PLDB/PDBbind2020_process/2wej/2wej_pocket_clean_single_chain.pdb,69
protein_group_000001,PDBbind2020:2weo:accepted,2weo,PDBbind2020,accepted,accepted,/public/share/yanjianbin/liuyugeng/PLDB/PDBbind2020_process/2weo/2weo_protein_clean_single_chain.pdb,/public/share/yanjianbin/liuyugeng/PLDB/PDBbind2020_process/2weo/2weo_pocket_clean_single_chain.pdb,70
protein_group_000001,PDBbind2020:2x7t:accepted,2x7t,PDBbind2020,accepted,accepted,/public/share/yanjianbin/liuyugeng/PLDB/PDBbind2020_process/2x7t/2x7t_protein_clean_single_chain.pdb,/public/share/yanjianbin/liuyugeng/PLDB/PDBbind2020_process/2x7t/2x7t_pocket_clean_single_chain.pdb,84
protein_group_000001,PDBbind2020:2x7s:accepted,2x7s,PDBbind2020,accepted,accepted,/public/share/yanjianbin/liuyugeng/PLDB/PDBbind2020_process/2x7s/2x7s_protein_clean_single_chain.pdb,/public/share/yanjianbin/liuyugeng/PLDB/PDBbind2020_process/2x7s/2x7s_pocket_clean_single_chain.pdb,84
protein_group_000001,PDBbind2020:2x7u:accepted,2x7u,PDBbind2020,accepted,accepted,/public/share/yanjianbin/liuyugeng/PLDB/PDBbind2020_process/2x7u/2x7u_protein_clean_single_chain.pdb,/public/share/yanjianbin/liuyugeng/PLDB/PDBbind2020_process/2x7u/2x7u_pocket_clean_single_chain.pdb,79
protein_group_000001,PDBbind2020:3b4f:accepted,3b4f,PDBbind2020,accepted,accepted,/public/share/yanjianbin/liuyugeng/PLDB/PDBbind2020_process/3b4f/3b4f_protein_clean_single_chain.pdb,/public/share/yanjianbin/liuyugeng/PLDB/PDBbind2020_process/3b4f/3b4f_pocket_clean_single_chain.pdb,86
protein_group_000001,PDBbind2020:3bet:accepted,3bet,PDBbind2020,accepted,accepted,/public/share/yanjianbin/liuyugeng/PLDB/PDBbind2020_process/3bet/3bet_protein_clean_single_chain.pdb,/public/share/yanjianbin/liuyugeng/PLDB/PDBbind2020_process/3bet/3bet_pocket_clean_single_chain.pdb,84
protein_group_000001,PDBbind2020:3bl0:accepted,3bl0,PDBbind2020,accepted,accepted,/public/share/yanjianbin/liuyugeng/PLDB/PDBbind2020_process/3bl0/3bl0_protein_clean_single_chain.pdb,/public/share/yanjianbin/liuyugeng/PLDB/PDBbind2020_process/3bl0/3bl0_pocket_clean_single_chain.pdb,74
protein_group_000001,PDBbind2020:3bl1:accepted,3bl1,PDBbind2020,accepted,accepted,/public/share/yanjianbin/liuyugeng/PLDB/PDBbind2020_process/3bl1/3bl1_protein_clean_single_chain.pdb,/public/share/yanjianbin/liuyugeng/PLDB/PDBbind2020_process/3bl1/3bl1_pocket_clean_single_chain.pdb,86
protein_group_000001,PDBbind2020:3c7p:accepted,3c7p,PDBbind2020,accepted,accepted,/public/share/yanjianbin/liuyugeng/PLDB/PDBbind2020_process/3c7p/3c7p_protein_clean_single_chain.pdb,/public/share/yanjianbin/liuyugeng/PLDB/PDBbind2020_process/3c7p/3c7p_pocket_clean_single_chain.pdb,81
protein_group_000001,PDBbind2020:3caj:accepted,3caj,PDBbind2020,accepted,accepted,/public/share/yanjianbin/liuyugeng/PLDB/PDBbind2020_process/3caj/3caj_protein_clean_single_chain.pdb,/public/share/yanjianbin/liuyugeng/PLDB/PDBbind2020_process/3caj/3caj_pocket_clean_single_chain.pdb,73
protein_group_000001,PDBbind2020:3cyu:accepted,3cyu,PDBbind2020,accepted,accepted,/public/share/yanjianbin/liuyugeng/PLDB/PDBbind2020_process/3cyu/3cyu_protein_clean_single_chain.pdb,/public/share/yanjianbin/liuyugeng/PLDB/PDBbind2020_process/3cyu/3cyu_pocket_clean_single_chain.pdb,83
protein_group_000001,PDBbind2020:3d8w:accepted,3d8w,PDBbind2020,accepted,accepted,/public/share/yanjianbin/liuyugeng/PLDB/PDBbind2020_process/3d8w/3d8w_protein_clean_single_chain.pdb,/public/share/yanjianbin/liuyugeng/PLDB/PDBbind2020_process/3d8w/3d8w_pocket_clean_single_chain.pdb,76
protein_group_000001,PDBbind2020:3d9z:accepted,3d9z,PDBbind2020,accepted,accepted,/public/share/yanjianbin/liuyugeng/PLDB/PDBbind2020_process/3d9z/3d9z_protein_clean_single_chain.pdb,/public/share/yanjianbin/liuyugeng/PLDB/PDBbind2020_process/3d9z/3d9z_pocket_clean_single_chain.pdb,73
protein_group_000001,PDBbind2020:3daz:accepted,3daz,PDBbind2020,accepted,accepted,/public/share/yanjianbin/liuyugeng/PLDB/PDBbind2020_process/3daz/3daz_protein_clean_single_chain.pdb,/public/share/yanjianbin/liuyugeng/PLDB/PDBbind2020_process/3daz/3daz_pocket_clean_single_chain.pdb,71
protein_group_000001,PDBbind2020:3dd0:accepted,3dd0,PDBbind2020,accepted,accepted,/public/share/yanjianbin/liuyugeng/PLDB/PDBbind2020_process/3dd0/3dd0_protein_clean_single_chain.pdb,/public/share/yanjianbin/liuyugeng/PLDB/PDBbind2020_process/3dd0/3dd0_pocket_clean_single_chain.pdb,73
protein_group_000001,PDBbind2020:3dd8:accepted,3dd8,PDBbind2020,accepted,accepted,/public/share/yanjianbin/liuyugeng/PLDB/PDBbind2020_process/3dd8/3dd8_protein_clean_single_chain.pdb,/public/share/yanjianbin/liuyugeng/PLDB/PDBbind2020_process/3dd8/3dd8_pocket_clean_single_chain.pdb,81
protein_group_000001,PDBbind2020:3eft:accepted,3eft,PDBbind2020,accepted,accepted,/public/share/yanjianbin/liuyugeng/PLDB/PDBbind2020_process/3eft/3eft_protein_clean_single_chain.pdb,/public/share/yanjianbin/liuyugeng/PLDB/PDBbind2020_process/3eft/3eft_pocket_clean_single_chain.pdb,78
protein_group_000001,PDBbind2020:3f8e:accepted,3f8e,PDBbind2020,accepted,accepted,/public/share/yanjianbin/liuyugeng/PLDB/PDBbind2020_process/3f8e/3f8e_protein_clean_single_chain.pdb,/public/share/yanjianbin/liuyugeng/PLDB/PDBbind2020_process/3f8e/3f8e_pocket_clean_single_chain.pdb,71
protein_group_000001,PDBbind2020:3ffp:accepted,3ffp,PDBbind2020,accepted,accepted,/public/share/yanjianbin/liuyugeng/PLDB/PDBbind2020_process/3ffp/3ffp_protein_clean_single_chain.pdb,/public/share/yanjianbin/liuyugeng/PLDB/PDBbind2020_process/3ffp/3ffp_pocket_clean_single_chain.pdb,75
protein_group_000001,PDBbind2020:3hkt:accepted,3hkt,PDBbind2020,accepted,accepted,/public/share/yanjianbin/liuyugeng/PLDB/PDBbind2020_process/3hkt/3hkt_protein_clean_single_chain.pdb,/public/share/yanjianbin/liuyugeng/PLDB/PDBbind2020_process/3hkt/3hkt_pocket_clean_single_chain.pdb,86
protein_group_000001,PDBbind2020:3hkn:accepted,3hkn,PDBbind2020,accepted,accepted,/public/share/yanjianbin/liuyugeng/PLDB/PDBbind2020_process/3hkn/3hkn_protein_clean_single_chain.pdb,/public/share/yanjianbin/liuyugeng/PLDB/PDBbind2020_process/3hkn/3hkn_pocket_clean_single_chain.pdb,88
protein_group_000001,PDBbind2020:3hkq:accepted,3hkq,PDBbind2020,accepted,accepted,/public/share/yanjianbin/liuyugeng/PLDB/PDBbind2020_process/3hkq/3hkq_protein_clean_single_chain.pdb,/public/share/yanjianbin/liuyugeng/PLDB/PDBbind2020_process/3hkq/3hkq_pocket_clean_single_chain.pdb,82
protein_group_000001,PDBbind2020:3hku:accepted,3hku,PDBbind2020,accepted,accepted,/public/share/yanjianbin/liuyugeng/PLDB/PDBbind2020_process/3hku/3hku_protein_clean_single_chain.pdb,/public/share/yanjianbin/liuyugeng/PLDB/PDBbind2020_process/3hku/3hku_pocket_clean_single_chain.pdb,88
protein_group_000001,PDBbind2020:3hs4:accepted,3hs4,PDBbind2020,accepted,accepted,/public/share/yanjianbin/liuyugeng/PLDB/PDBbind2020_process/3hs4/3hs4_protein_clean_single_chain.pdb,/public/share/yanjianbin/liuyugeng/PLDB/PDBbind2020_process/3hs4/3hs4_pocket_clean_single_chain.pdb,72
protein_group_000001,PDBbind2020:3ibn:accepted,3ibn,PDBbind2020,accepted,accepted,/public/share/yanjianbin/liuyugeng/PLDB/PDBbind2020_process/3ibn/3ibn_protein_clean_single_chain.pdb,/public/share/yanjianbin/liuyugeng/PLDB/PDBbind2020_process/3ibn/3ibn_pocket_clean_single_chain.pdb,76
protein_group_000001,PDBbind2020:3ibi:accepted,3ibi,PDBbind2020,accepted,accepted,/public/share/yanjianbin/liuyugeng/PLDB/PDBbind2020_process/3ibi/3ibi_protein_clean_single_chain.pdb,/public/share/yanjianbin/liuyugeng/PLDB/PDBbind2020_process/3ibi/3ibi_pocket_clean_single_chain.pdb,75
protein_group_000001,PDBbind2020:3ibl:accepted,3ibl,PDBbind2020,accepted,accepted,/public/share/yanjianbin/liuyugeng/PLDB/PDBbind2020_process/3ibl/3ibl_protein_clean_single_chain.pdb,/public/share/yanjianbin/liuyugeng/PLDB/PDBbind2020_process/3ibl/3ibl_pocket_clean_single_chain.pdb,74
protein_group_000001,PDBbind2020:3ibu:accepted,3ibu,PDBbind2020,accepted,accepted,/public/share/yanjianbin/liuyugeng/PLDB/PDBbind2020_process/3ibu/3ibu_protein_clean_single_chain.pdb,/public/share/yanjianbin/liuyugeng/PLDB/PDBbind2020_process/3ibu/3ibu_pocket_clean_single_chain.pdb,76
protein_group_000001,PDBbind2020:3ieo:accepted,3ieo,PDBbind2020,accepted,accepted,/public/share/yanjianbin/liuyugeng/PLDB/PDBbind2020_process/3ieo/3ieo_protein_clean_single_chain.pdb,/public/share/yanjianbin/liuyugeng/PLDB/PDBbind2020_process/3ieo/3ieo_pocket_clean_single_chain.pdb,61
protein_group_000001,PDBbind2020:3igp:accepted,3igp,PDBbind2020,accepted,accepted,/public/share/yanjianbin/liuyugeng/PLDB/PDBbind2020_process/3igp/3igp_protein_clean_single_chain.pdb,/public/share/yanjianbin/liuyugeng/PLDB/PDBbind2020_process/3igp/3igp_pocket_clean_single_chain.pdb,78
protein_group_000001,PDBbind2020:3k2f:accepted,3k2f,PDBbind2020,accepted,accepted,/public/share/yanjianbin/liuyugeng/PLDB/PDBbind2020_process/3k2f/3k2f_protein_clean_single_chain.pdb,/public/share/yanjianbin/liuyugeng/PLDB/PDBbind2020_process/3k2f/3k2f_pocket_clean_single_chain.pdb,90
protein_group_000001,PDBbind2020:3kwa:accepted,3kwa,PDBbind2020,accepted,accepted,/public/share/yanjianbin/liuyugeng/PLDB/PDBbind2020_process/3kwa/3kwa_protein_clean_single_chain.pdb,/public/share/yanjianbin/liuyugeng/PLDB/PDBbind2020_process/3kwa/3kwa_pocket_clean_single_chain.pdb,80
protein_group_000001,PDBbind2020:3m1k:accepted,3m1k,PDBbind2020,accepted,accepted,/public/share/yanjianbin/liuyugeng/PLDB/PDBbind2020_process/3m1k/3m1k_protein_clean_single_chain.pdb,/public/share/yanjianbin/liuyugeng/PLDB/PDBbind2020_process/3m1k/3m1k_pocket_clean_single_chain.pdb,65
protein_group_000001,PDBbind2020:3m3x:accepted,3m3x,PDBbind2020,accepted,accepted,/public/share/yanjianbin/liuyugeng/PLDB/PDBbind2020_process/3m3x/3m3x_protein_clean_single_chain.pdb,/public/share/yanjianbin/liuyugeng/PLDB/PDBbind2020_process/3m3x/3m3x_pocket_clean_single_chain.pdb,76
protein_group_000001,PDBbind2020:3m40:accepted,3m40,PDBbind2020,accepted,accepted,/public/share/yanjianbin/liuyugeng/PLDB/PDBbind2020_process/3m40/3m40_protein_clean_single_chain.pdb,/public/share/yanjianbin/liuyugeng/PLDB/PDBbind2020_process/3m40/3m40_pocket_clean_single_chain.pdb,74
protein_group_000001,PDBbind2020:3m5e:accepted,3m5e,PDBbind2020,accepted,accepted,/public/share/yanjianbin/liuyugeng/PLDB/PDBbind2020_process/3m5e/3m5e_protein_clean_single_chain.pdb,/public/share/yanjianbin/liuyugeng/PLDB/PDBbind2020_process/3m5e/3m5e_pocket_clean_single_chain.pdb,78
protein_group_000001,PDBbind2020:3m67:accepted,3m67,PDBbind2020,accepted,accepted,/public/share/yanjianbin/liuyugeng/PLDB/PDBbind2020_process/3m67/3m67_protein_clean_single_chain.pdb,/public/share/yanjianbin/liuyugeng/PLDB/PDBbind2020_process/3m67/3m67_pocket_clean_single_chain.pdb,83
protein_group_000001,PDBbind2020:3m96:accepted,3m96,PDBbind2020,accepted,accepted,/public/share/yanjianbin/liuyugeng/PLDB/PDBbind2020_process/3m96/3m96_protein_clean_single_chain.pdb,/public/share/yanjianbin/liuyugeng/PLDB/PDBbind2020_process/3m96/3m96_pocket_clean_single_chain.pdb,84
protein_group_000001,PDBbind2020:3mhc:accepted,3mhc,PDBbind2020,accepted,accepted,/public/share/yanjianbin/liuyugeng/PLDB/PDBbind2020_process/3mhc/3mhc_protein_clean_single_chain.pdb,/public/share/yanjianbin/liuyugeng/PLDB/PDBbind2020_process/3mhc/3mhc_pocket_clean_single_chain.pdb,84
protein_group_000001,PDBbind2020:3mhl:accepted,3mhl,PDBbind2020,accepted,accepted,/public/share/yanjianbin/liuyugeng/PLDB/PDBbind2020_process/3mhl/3mhl_protein_clean_single_chain.pdb,/public/share/yanjianbin/liuyugeng/PLDB/PDBbind2020_process/3mhl/3mhl_pocket_clean_single_chain.pdb,81
protein_group_000001,PDBbind2020:3mhi:accepted,3mhi,PDBbind2020,accepted,accepted,/public/share/yanjianbin/liuyugeng/PLDB/PDBbind2020_process/3mhi/3mhi_protein_clean_single_chain.pdb,/public/share/yanjianbin/liuyugeng/PLDB/PDBbind2020_process/3mhi/3mhi_pocket_clean_single_chain.pdb,75
protein_group_000001,PDBbind2020:3mhm:accepted,3mhm,PDBbind2020,accepted,accepted,/public/share/yanjianbin/liuyugeng/PLDB/PDBbind2020_process/3mhm/3mhm_protein_clean_single_chain.pdb,/public/share/yanjianbin/liuyugeng/PLDB/PDBbind2020_process/3mhm/3mhm_pocket_clean_single_chain.pdb,83
protein_group_000001,PDBbind2020:3mho:accepted,3mho,PDBbind2020,accepted,accepted,/public/share/yanjianbin/liuyugeng/PLDB/PDBbind2020_process/3mho/3mho_protein_clean_single_chain.pdb,/public/share/yanjianbin/liuyugeng/PLDB/PDBbind2020_process/3mho/3mho_pocket_clean_single_chain.pdb,80
protein_group_000001,PDBbind2020:3ml2:accepted,3ml2,PDBbind2020,accepted,accepted,/public/share/yanjianbin/liuyugeng/PLDB/PDBbind2020_process/3ml2/3ml2_protein_clean_single_chain.pdb,/public/share/yanjianbin/liuyugeng/PLDB/PDBbind2020_process/3ml2/3ml2_pocket_clean_single_chain.pdb,77
protein_group_000001,PDBbind2020:3mmf:accepted,3mmf,PDBbind2020,accepted,accepted,/public/share/yanjianbin/liuyugeng/PLDB/PDBbind2020_process/3mmf/3mmf_protein_clean_single_chain.pdb,/public/share/yanjianbin/liuyugeng/PLDB/PDBbind2020_process/3mmf/3mmf_pocket_clean_single_chain.pdb,78
protein_group_000001,PDBbind2020:3mna:accepted,3mna,PDBbind2020,accepted,accepted,/public/share/yanjianbin/liuyugeng/PLDB/PDBbind2020_process/3mna/3mna_protein_clean_single_chain.pdb,/public/share/yanjianbin/liuyugeng/PLDB/PDBbind2020_process/3mna/3mna_pocket_clean_single_chain.pdb,80
protein_group_000001,PDBbind2020:3mnu:accepted,3mnu,PDBbind2020,accepted,accepted,/public/share/yanjianbin/liuyugeng/PLDB/PDBbind2020_process/3mnu/3mnu_protein_clean_single_chain.pdb,/public/share/yanjianbin/liuyugeng/PLDB/PDBbind2020_process/3mnu/3mnu_pocket_clean_single_chain.pdb,80
protein_group_000001,PDBbind2020:3myq:accepted,3myq,PDBbind2020,accepted,accepted,/public/share/yanjianbin/liuyugeng/PLDB/PDBbind2020_process/3myq/3myq_protein_clean_single_chain.pdb,/public/share/yanjianbin/liuyugeng/PLDB/PDBbind2020_process/3myq/3myq_pocket_clean_single_chain.pdb,86
protein_group_000001,PDBbind2020:3mzc:accepted,3mzc,PDBbind2020,accepted,accepted,/public/share/yanjianbin/liuyugeng/PLDB/PDBbind2020_process/3mzc/3mzc_protein_clean_single_chain.pdb,/public/share/yanjianbin/liuyugeng/PLDB/PDBbind2020_process/3mzc/3mzc_pocket_clean_single_chain.pdb,75
protein_group_000001,PDBbind2020:3n0n:accepted,3n0n,PDBbind2020,accepted,accepted,/public/share/yanjianbin/liuyugeng/PLDB/PDBbind2020_process/3n0n/3n0n_protein_clean_single_chain.pdb,/public/share/yanjianbin/liuyugeng/PLDB/PDBbind2020_process/3n0n/3n0n_pocket_clean_single_chain.pdb,78
protein_group_000001,PDBbind2020:3n2p:accepted,3n2p,PDBbind2020,accepted,accepted,/public/share/yanjianbin/liuyugeng/PLDB/PDBbind2020_process/3n2p/3n2p_protein_clean_single_chain.pdb,/public/share/yanjianbin/liuyugeng/PLDB/PDBbind2020_process/3n2p/3n2p_pocket_clean_single_chain.pdb,80
protein_group_000001,PDBbind2020:3n3j:accepted,3n3j,PDBbind2020,accepted,accepted,/public/share/yanjianbin/liuyugeng/PLDB/PDBbind2020_process/3n3j/3n3j_protein_clean_single_chain.pdb,/public/share/yanjianbin/liuyugeng/PLDB/PDBbind2020_process/3n3j/3n3j_pocket_clean_single_chain.pdb,75
protein_group_000001,PDBbind2020:3n4b:accepted,3n4b,PDBbind2020,accepted,accepted,/public/share/yanjianbin/liuyugeng/PLDB/PDBbind2020_process/3n4b/3n4b_protein_clean_single_chain.pdb,/public/share/yanjianbin/liuyugeng/PLDB/PDBbind2020_process/3n4b/3n4b_pocket_clean_single_chain.pdb,75
protein_group_000001,PDBbind2020:3nb5:accepted,3nb5,PDBbind2020,accepted,accepted,/public/share/yanjianbin/liuyugeng/PLDB/PDBbind2020_process/3nb5/3nb5_protein_clean_single_chain.pdb,/public/share/yanjianbin/liuyugeng/PLDB/PDBbind2020_process/3nb5/3nb5_pocket_clean_single_chain.pdb,78
protein_group_000001,PDBbind2020:3ni5:accepted,3ni5,PDBbind2020,accepted,accepted,/public/share/yanjianbin/liuyugeng/PLDB/PDBbind2020_process/3ni5/3ni5_protein_clean_single_chain.pdb,/public/share/yanjianbin/liuyugeng/PLDB/PDBbind2020_process/3ni5/3ni5_pocket_clean_single_chain.pdb,80
protein_group_000001,PDBbind2020:3oim:accepted,3oim,PDBbind2020,accepted,accepted,/public/share/yanjianbin/liuyugeng/PLDB/PDBbind2020_process/3oim/3oim_protein_clean_single_chain.pdb,/public/share/yanjianbin/liuyugeng/PLDB/PDBbind2020_process/3oim/3oim_pocket_clean_single_chain.pdb,83
protein_group_000001,PDBbind2020:3oku:accepted,3oku,PDBbind2020,accepted,accepted,/public/share/yanjianbin/liuyugeng/PLDB/PDBbind2020_process/3oku/3oku_protein_clean_single_chain.pdb,/public/share/yanjianbin/liuyugeng/PLDB/PDBbind2020_process/3oku/3oku_pocket_clean_single_chain.pdb,83
protein_group_000001,PDBbind2020:3oy0:accepted,3oy0,PDBbind2020,accepted,accepted,/public/share/yanjianbin/liuyugeng/PLDB/PDBbind2020_process/3oy0/3oy0_protein_clean_single_chain.pdb,/public/share/yanjianbin/liuyugeng/PLDB/PDBbind2020_process/3oy0/3oy0_pocket_clean_single_chain.pdb,80
protein_group_000001,PDBbind2020:3oyq:accepted,3oyq,PDBbind2020,accepted,accepted,/public/share/yanjianbin/liuyugeng/PLDB/PDBbind2020_process/3oyq/3oyq_protein_clean_single_chain.pdb,/public/share/yanjianbin/liuyugeng/PLDB/PDBbind2020_process/3oyq/3oyq_pocket_clean_single_chain.pdb,76
protein_group_000001,PDBbind2020:3oys:accepted,3oys,PDBbind2020,accepted,accepted,/public/share/yanjianbin/liuyugeng/PLDB/PDBbind2020_process/3oys/3oys_protein_clean_single_chain.pdb,/public/share/yanjianbin/liuyugeng/PLDB/PDBbind2020_process/3oys/3oys_pocket_clean_single_chain.pdb,76
protein_group_000001,PDBbind2020:3p3h:accepted,3p3h,PDBbind2020,accepted,accepted,/public/share/yanjianbin/liuyugeng/PLDB/PDBbind2020_process/3p3h/3p3h_protein_clean_single_chain.pdb,/public/share/yanjianbin/liuyugeng/PLDB/PDBbind2020_process/3p3h/3p3h_pocket_clean_single_chain.pdb,82
protein_group_000001,PDBbind2020:3p44:accepted,3p44,PDBbind2020,accepted,accepted,/public/share/yanjianbin/liuyugeng/PLDB/PDBbind2020_process/3p44/3p44_protein_clean_single_chain.pdb,/public/share/yanjianbin/liuyugeng/PLDB/PDBbind2020_process/3p44/3p44_pocket_clean_single_chain.pdb,77
protein_group_000001,PDBbind2020:3p3j:accepted,3p3j,PDBbind2020,accepted,accepted,/public/share/yanjianbin/liuyugeng/PLDB/PDBbind2020_process/3p3j/3p3j_protein_clean_single_chain.pdb,/public/share/yanjianbin/liuyugeng/PLDB/PDBbind2020_process/3p3j/3p3j_pocket_clean_single_chain.pdb,82
protein_group_000001,PDBbind2020:3p4v:accepted,3p4v,PDBbind2020,accepted,accepted,/public/share/yanjianbin/liuyugeng/PLDB/PDBbind2020_process/3p4v/3p4v_protein_clean_single_chain.pdb,/public/share/yanjianbin/liuyugeng/PLDB/PDBbind2020_process/3p4v/3p4v_pocket_clean_single_chain.pdb,77
protein_group_000001,PDBbind2020:3p55:accepted,3p55,PDBbind2020,accepted,accepted,/public/share/yanjianbin/liuyugeng/PLDB/PDBbind2020_process/3p55/3p55_protein_clean_single_chain.pdb,/public/share/yanjianbin/liuyugeng/PLDB/PDBbind2020_process/3p55/3p55_pocket_clean_single_chain.pdb,76
protein_group_000001,PDBbind2020:3p58:accepted,3p58,PDBbind2020,accepted,accepted,/public/share/yanjianbin/liuyugeng/PLDB/PDBbind2020_process/3p58/3p58_protein_clean_single_chain.pdb,/public/share/yanjianbin/liuyugeng/PLDB/PDBbind2020_process/3p58/3p58_pocket_clean_single_chain.pdb,73
protein_group_000001,PDBbind2020:3p5l:accepted,3p5l,PDBbind2020,accepted,accepted,/public/share/yanjianbin/liuyugeng/PLDB/PDBbind2020_process/3p5l/3p5l_protein_clean_single_chain.pdb,/public/share/yanjianbin/liuyugeng/PLDB/PDBbind2020_process/3p5l/3p5l_pocket_clean_single_chain.pdb,74
protein_group_000001,PDBbind2020:3po6:accepted,3po6,PDBbind2020,accepted,accepted,/public/share/yanjianbin/liuyugeng/PLDB/PDBbind2020_process/3po6/3po6_protein_clean_single_chain.pdb,/public/share/yanjianbin/liuyugeng/PLDB/PDBbind2020_process/3po6/3po6_pocket_clean_single_chain.pdb,84
protein_group_000001,PDBbind2020:3r16:accepted,3r16,PDBbind2020,accepted,accepted,/public/share/yanjianbin/liuyugeng/PLDB/PDBbind2020_process/3r16/3r16_protein_clean_single_chain.pdb,/public/share/yanjianbin/liuyugeng/PLDB/PDBbind2020_process/3r16/3r16_pocket_clean_single_chain.pdb,76
protein_group_000001,PDBbind2020:3r17:accepted,3r17,PDBbind2020,accepted,accepted,/public/share/yanjianbin/liuyugeng/PLDB/PDBbind2020_process/3r17/3r17_protein_clean_single_chain.pdb,/public/share/yanjianbin/liuyugeng/PLDB/PDBbind2020_process/3r17/3r17_pocket_clean_single_chain.pdb,76
protein_group_000001,PDBbind2020:3rj7:accepted,3rj7,PDBbind2020,accepted,accepted,/public/share/yanjianbin/liuyugeng/PLDB/PDBbind2020_process/3rj7/3rj7_protein_clean_single_chain.pdb,/public/share/yanjianbin/liuyugeng/PLDB/PDBbind2020_process/3rj7/3rj7_pocket_clean_single_chain.pdb,79
protein_group_000001,PDBbind2020:3ryj:accepted,3ryj,PDBbind2020,accepted,accepted,/public/share/yanjianbin/liuyugeng/PLDB/PDBbind2020_process/3ryj/3ryj_protein_clean_single_chain.pdb,/public/share/yanjianbin/liuyugeng/PLDB/PDBbind2020_process/3ryj/3ryj_pocket_clean_single_chain.pdb,73
protein_group_000001,PDBbind2020:3ryx:accepted,3ryx,PDBbind2020,accepted,accepted,/public/share/yanjianbin/liuyugeng/PLDB/PDBbind2020_process/3ryx/3ryx_protein_clean_single_chain.pdb,/public/share/yanjianbin/liuyugeng/PLDB/PDBbind2020_process/3ryx/3ryx_pocket_clean_single_chain.pdb,75
protein_group_000001,PDBbind2020:3rz0:accepted,3rz0,PDBbind2020,accepted,accepted,/public/share/yanjianbin/liuyugeng/PLDB/PDBbind2020_process/3rz0/3rz0_protein_clean_single_chain.pdb,/public/share/yanjianbin/liuyugeng/PLDB/PDBbind2020_process/3rz0/3rz0_pocket_clean_single_chain.pdb,75
protein_group_000001,PDBbind2020:3ryz:accepted,3ryz,PDBbind2020,accepted,accepted,/public/share/yanjianbin/liuyugeng/PLDB/PDBbind2020_process/3ryz/3ryz_protein_clean_single_chain.pdb,/public/share/yanjianbin/liuyugeng/PLDB/PDBbind2020_process/3ryz/3ryz_pocket_clean_single_chain.pdb,75
protein_group_000001,PDBbind2020:3rz1:accepted,3rz1,PDBbind2020,accepted,accepted,/public/share/yanjianbin/liuyugeng/PLDB/PDBbind2020_process/3rz1/3rz1_protein_clean_single_chain.pdb,/public/share/yanjianbin/liuyugeng/PLDB/PDBbind2020_process/3rz1/3rz1_pocket_clean_single_chain.pdb,75
protein_group_000001,PDBbind2020:3rz5:accepted,3rz5,PDBbind2020,accepted,accepted,/public/share/yanjianbin/liuyugeng/PLDB/PDBbind2020_process/3rz5/3rz5_protein_clean_single_chain.pdb,/public/share/yanjianbin/liuyugeng/PLDB/PDBbind2020_process/3rz5/3rz5_pocket_clean_single_chain.pdb,77
protein_group_000001,PDBbind2020:3rz7:accepted,3rz7,PDBbind2020,accepted,accepted,/public/share/yanjianbin/liuyugeng/PLDB/PDBbind2020_process/3rz7/3rz7_protein_clean_single_chain.pdb,/public/share/yanjianbin/liuyugeng/PLDB/PDBbind2020_process/3rz7/3rz7_pocket_clean_single_chain.pdb,75
protein_group_000001,PDBbind2020:3rz8:accepted,3rz8,PDBbind2020,accepted,accepted,/public/share/yanjianbin/liuyugeng/PLDB/PDBbind2020_process/3rz8/3rz8_protein_clean_single_chain.pdb,/public/share/yanjianbin/liuyugeng/PLDB/PDBbind2020_process/3rz8/3rz8_pocket_clean_single_chain.pdb,76
protein_group_000001,PDBbind2020:3s71:accepted,3s71,PDBbind2020,accepted,accepted,/public/share/yanjianbin/liuyugeng/PLDB/PDBbind2020_process/3s71/3s71_protein_clean_single_chain.pdb,/public/share/yanjianbin/liuyugeng/PLDB/PDBbind2020_process/3s71/3s71_pocket_clean_single_chain.pdb,71
protein_group_000001,PDBbind2020:3s72:accepted,3s72,PDBbind2020,accepted,accepted,/public/share/yanjianbin/liuyugeng/PLDB/PDBbind2020_process/3s72/3s72_protein_clean_single_chain.pdb,/public/share/yanjianbin/liuyugeng/PLDB/PDBbind2020_process/3s72/3s72_pocket_clean_single_chain.pdb,71
protein_group_000001,PDBbind2020:3s73:accepted,3s73,PDBbind2020,accepted,accepted,/public/share/yanjianbin/liuyugeng/PLDB/PDBbind2020_process/3s73/3s73_protein_clean_single_chain.pdb,/public/share/yanjianbin/liuyugeng/PLDB/PDBbind2020_process/3s73/3s73_pocket_clean_single_chain.pdb,69
protein_group_000001,PDBbind2020:3s74:accepted,3s74,PDBbind2020,accepted,accepted,/public/share/yanjianbin/liuyugeng/PLDB/PDBbind2020_process/3s74/3s74_protein_clean_single_chain.pdb,/public/share/yanjianbin/liuyugeng/PLDB/PDBbind2020_process/3s74/3s74_pocket_clean_single_chain.pdb,26
protein_group_000001,PDBbind2020:3s75:accepted,3s75,PDBbind2020,accepted,accepted,/public/share/yanjianbin/liuyugeng/PLDB/PDBbind2020_process/3s75/3s75_protein_clean_single_chain.pdb,/public/share/yanjianbin/liuyugeng/PLDB/PDBbind2020_process/3s75/3s75_pocket_clean_single_chain.pdb,67
protein_group_000001,PDBbind2020:3s77:accepted,3s77,PDBbind2020,accepted,accepted,/public/share/yanjianbin/liuyugeng/PLDB/PDBbind2020_process/3s77/3s77_protein_clean_single_chain.pdb,/public/share/yanjianbin/liuyugeng/PLDB/PDBbind2020_process/3s77/3s77_pocket_clean_single_chain.pdb,67
protein_group_000001,PDBbind2020:3s76:accepted,3s76,PDBbind2020,accepted,accepted,/public/share/yanjianbin/liuyugeng/PLDB/PDBbind2020_process/3s76/3s76_protein_clean_single_chain.pdb,/public/share/yanjianbin/liuyugeng/PLDB/PDBbind2020_process/3s76/3s76_pocket_clean_single_chain.pdb,66
protein_group_000001,PDBbind2020:3s78:accepted,3s78,PDBbind2020,accepted,accepted,/public/share/yanjianbin/liuyugeng/PLDB/PDBbind2020_process/3s78/3s78_protein_clean_single_chain.pdb,/public/share/yanjianbin/liuyugeng/PLDB/PDBbind2020_process/3s78/3s78_pocket_clean_single_chain.pdb,67
protein_group_000001,PDBbind2020:3s8x:accepted,3s8x,PDBbind2020,accepted,accepted,/public/share/yanjianbin/liuyugeng/PLDB/PDBbind2020_process/3s8x/3s8x_protein_clean_single_chain.pdb,/public/share/yanjianbin/liuyugeng/PLDB/PDBbind2020_process/3s8x/3s8x_pocket_clean_single_chain.pdb,75
protein_group_000001,PDBbind2020:3s9t:accepted,3s9t,PDBbind2020,accepted,accepted,/public/share/yanjianbin/liuyugeng/PLDB/PDBbind2020_process/3s9t/3s9t_protein_clean_single_chain.pdb,/public/share/yanjianbin/liuyugeng/PLDB/PDBbind2020_process/3s9t/3s9t_pocket_clean_single_chain.pdb,83
protein_group_000001,PDBbind2020:3sap:accepted,3sap,PDBbind2020,accepted,accepted,/public/share/yanjianbin/liuyugeng/PLDB/PDBbind2020_process/3sap/3sap_protein_clean_single_chain.pdb,/public/share/yanjianbin/liuyugeng/PLDB/PDBbind2020_process/3sap/3sap_pocket_clean_single_chain.pdb,76
protein_group_000001,PDBbind2020:3sax:accepted,3sax,PDBbind2020,accepted,accepted,/public/share/yanjianbin/liuyugeng/PLDB/PDBbind2020_process/3sax/3sax_protein_clean_single_chain.pdb,/public/share/yanjianbin/liuyugeng/PLDB/PDBbind2020_process/3sax/3sax_pocket_clean_single_chain.pdb,84
protein_group_000001,PDBbind2020:3sbh:accepted,3sbh,PDBbind2020,accepted,accepted,/public/share/yanjianbin/liuyugeng/PLDB/PDBbind2020_process/3sbh/3sbh_protein_clean_single_chain.pdb,/public/share/yanjianbin/liuyugeng/PLDB/PDBbind2020_process/3sbh/3sbh_pocket_clean_single_chain.pdb,75
protein_group_000001,PDBbind2020:3sbi:accepted,3sbi,PDBbind2020,accepted,accepted,/public/share/yanjianbin/liuyugeng/PLDB/PDBbind2020_process/3sbi/3sbi_protein_clean_single_chain.pdb,/public/share/yanjianbin/liuyugeng/PLDB/PDBbind2020_process/3sbi/3sbi_pocket_clean_single_chain.pdb,74
protein_group_000001,PDBbind2020:3t5u:accepted,3t5u,PDBbind2020,accepted,accepted,/public/share/yanjianbin/liuyugeng/PLDB/PDBbind2020_process/3t5u/3t5u_protein_clean_single_chain.pdb,/public/share/yanjianbin/liuyugeng/PLDB/PDBbind2020_process/3t5u/3t5u_pocket_clean_single_chain.pdb,72
protein_group_000001,PDBbind2020:3t82:accepted,3t82,PDBbind2020,accepted,accepted,/public/share/yanjianbin/liuyugeng/PLDB/PDBbind2020_process/3t82/3t82_protein_clean_single_chain.pdb,/public/share/yanjianbin/liuyugeng/PLDB/PDBbind2020_process/3t82/3t82_pocket_clean_single_chain.pdb,85
protein_group_000001,PDBbind2020:3t84:accepted,3t84,PDBbind2020,accepted,accepted,/public/share/yanjianbin/liuyugeng/PLDB/PDBbind2020_process/3t84/3t84_protein_clean_single_chain.pdb,/public/share/yanjianbin/liuyugeng/PLDB/PDBbind2020_process/3t84/3t84_pocket_clean_single_chain.pdb,86
protein_group_000001,PDBbind2020:3t85:accepted,3t85,PDBbind2020,accepted,accepted,/public/share/yanjianbin/liuyugeng/PLDB/PDBbind2020_process/3t85/3t85_protein_clean_single_chain.pdb,/public/share/yanjianbin/liuyugeng/PLDB/PDBbind2020_process/3t85/3t85_pocket_clean_single_chain.pdb,85
protein_group_000001,PDBbind2020:3t83:accepted,3t83,PDBbind2020,accepted,accepted,/public/share/yanjianbin/liuyugeng/PLDB/PDBbind2020_process/3t83/3t83_protein_clean_single_chain.pdb,/public/share/yanjianbin/liuyugeng/PLDB/PDBbind2020_process/3t83/3t83_pocket_clean_single_chain.pdb,93
protein_group_000001,PDBbind2020:3v5g:accepted,3v5g,PDBbind2020,accepted,accepted,/public/share/yanjianbin/liuyugeng/PLDB/PDBbind2020_process/3v5g/3v5g_protein_clean_single_chain.pdb,/public/share/yanjianbin/liuyugeng/PLDB/PDBbind2020_process/3v5g/3v5g_pocket_clean_single_chain.pdb,72
protein_group_000001,PDBbind2020:3v7x:accepted,3v7x,PDBbind2020,accepted,accepted,/public/share/yanjianbin/liuyugeng/PLDB/PDBbind2020_process/3v7x/3v7x_protein_clean_single_chain.pdb,/public/share/yanjianbin/liuyugeng/PLDB/PDBbind2020_process/3v7x/3v7x_pocket_clean_single_chain.pdb,75
protein_group_000001,PDBbind2020:3vbd:accepted,3vbd,PDBbind2020,accepted,accepted,/public/share/yanjianbin/liuyugeng/PLDB/PDBbind2020_process/3vbd/3vbd_protein_clean_single_chain.pdb,/public/share/yanjianbin/liuyugeng/PLDB/PDBbind2020_process/3vbd/3vbd_pocket_clean_single_chain.pdb,79
protein_group_000001,PDBbind2020:3zp9:accepted,3zp9,PDBbind2020,accepted,accepted,/public/share/yanjianbin/liuyugeng/PLDB/PDBbind2020_process/3zp9/3zp9_protein_clean_single_chain.pdb,/public/share/yanjianbin/liuyugeng/PLDB/PDBbind2020_process/3zp9/3zp9_pocket_clean_single_chain.pdb,87
protein_group_000001,PDBbind2020:4bf1:accepted,4bf1,PDBbind2020,accepted,accepted,/public/share/yanjianbin/liuyugeng/PLDB/PDBbind2020_process/4bf1/4bf1_protein_clean_single_chain.pdb,/public/share/yanjianbin/liuyugeng/PLDB/PDBbind2020_process/4bf1/4bf1_pocket_clean_single_chain.pdb,79
protein_group_000001,PDBbind2020:4bf6:accepted,4bf6,PDBbind2020,accepted,accepted,/public/share/yanjianbin/liuyugeng/PLDB/PDBbind2020_process/4bf6/4bf6_protein_clean_single_chain.pdb,/public/share/yanjianbin/liuyugeng/PLDB/PDBbind2020_process/4bf6/4bf6_pocket_clean_single_chain.pdb,76
protein_group_000001,PDBbind2020:4cq0:accepted,4cq0,PDBbind2020,accepted,accepted,/public/share/yanjianbin/liuyugeng/PLDB/PDBbind2020_process/4cq0/4cq0_protein_clean_single_chain.pdb,/public/share/yanjianbin/liuyugeng/PLDB/PDBbind2020_process/4cq0/4cq0_pocket_clean_single_chain.pdb,73
protein_group_000001,PDBbind2020:4e3d:accepted,4e3d,PDBbind2020,accepted,accepted,/public/share/yanjianbin/liuyugeng/PLDB/PDBbind2020_process/4e3d/4e3d_protein_clean_single_chain.pdb,/public/share/yanjianbin/liuyugeng/PLDB/PDBbind2020_process/4e3d/4e3d_pocket_clean_single_chain.pdb,61
protein_group_000001,PDBbind2020:4e3f:accepted,4e3f,PDBbind2020,accepted,accepted,/public/share/yanjianbin/liuyugeng/PLDB/PDBbind2020_process/4e3f/4e3f_protein_clean_single_chain.pdb,/public/share/yanjianbin/liuyugeng/PLDB/PDBbind2020_process/4e3f/4e3f_pocket_clean_single_chain.pdb,64
protein_group_000001,PDBbind2020:4e3g:accepted,4e3g,PDBbind2020,accepted,accepted,/public/share/yanjianbin/liuyugeng/PLDB/PDBbind2020_process/4e3g/4e3g_protein_clean_single_chain.pdb,/public/share/yanjianbin/liuyugeng/PLDB/PDBbind2020_process/4e3g/4e3g_pocket_clean_single_chain.pdb,59
protein_group_000001,PDBbind2020:4e3h:accepted,4e3h,PDBbind2020,accepted,accepted,/public/share/yanjianbin/liuyugeng/PLDB/PDBbind2020_process/4e3h/4e3h_protein_clean_single_chain.pdb,/public/share/yanjianbin/liuyugeng/PLDB/PDBbind2020_process/4e3h/4e3h_pocket_clean_single_chain.pdb,74
protein_group_000001,PDBbind2020:4e4a:accepted,4e4a,PDBbind2020,accepted,accepted,/public/share/yanjianbin/liuyugeng/PLDB/PDBbind2020_process/4e4a/4e4a_protein_clean_single_chain.pdb,/public/share/yanjianbin/liuyugeng/PLDB/PDBbind2020_process/4e4a/4e4a_pocket_clean_single_chain.pdb,60
protein_group_000001,PDBbind2020:4e49:accepted,4e49,PDBbind2020,accepted,accepted,/public/share/yanjianbin/liuyugeng/PLDB/PDBbind2020_process/4e49/4e49_protein_clean_single_chain.pdb,/public/share/yanjianbin/liuyugeng/PLDB/PDBbind2020_process/4e49/4e49_pocket_clean_single_chain.pdb,72
protein_group_000001,PDBbind2020:4g0c:accepted,4g0c,PDBbind2020,accepted,accepted,/public/share/yanjianbin/liuyugeng/PLDB/PDBbind2020_process/4g0c/4g0c_protein_clean_single_chain.pdb,/public/share/yanjianbin/liuyugeng/PLDB/PDBbind2020_process/4g0c/4g0c_pocket_clean_single_chain.pdb,73
protein_group_000001,PDBbind2020:4ht0:accepted,4ht0,PDBbind2020,accepted,accepted,/public/share/yanjianbin/liuyugeng/PLDB/PDBbind2020_process/4ht0/4ht0_protein_clean_single_chain.pdb,/public/share/yanjianbin/liuyugeng/PLDB/PDBbind2020_process/4ht0/4ht0_pocket_clean_single_chain.pdb,76
protein_group_000001,PDBbind2020:4itp:accepted,4itp,PDBbind2020,accepted,accepted,/public/share/yanjianbin/liuyugeng/PLDB/PDBbind2020_process/4itp/4itp_protein_clean_single_chain.pdb,/public/share/yanjianbin/liuyugeng/PLDB/PDBbind2020_process/4itp/4itp_pocket_clean_single_chain.pdb,76
protein_group_000001,PDBbind2020:4iwz:accepted,4iwz,PDBbind2020,accepted,accepted,/public/share/yanjianbin/liuyugeng/PLDB/PDBbind2020_process/4iwz/4iwz_protein_clean_single_chain.pdb,/public/share/yanjianbin/liuyugeng/PLDB/PDBbind2020_process/4iwz/4iwz_pocket_clean_single_chain.pdb,80
protein_group_000001,PDBbind2020:4knj:accepted,4knj,PDBbind2020,accepted,accepted,/public/share/yanjianbin/liuyugeng/PLDB/PDBbind2020_process/4knj/4knj_protein_clean_single_chain.pdb,/public/share/yanjianbin/liuyugeng/PLDB/PDBbind2020_process/4knj/4knj_pocket_clean_single_chain.pdb,78
protein_group_000001,PDBbind2020:4kni:accepted,4kni,PDBbind2020,accepted,accepted,/public/share/yanjianbin/liuyugeng/PLDB/PDBbind2020_process/4kni/4kni_protein_clean_single_chain.pdb,/public/share/yanjianbin/liuyugeng/PLDB/PDBbind2020_process/4kni/4kni_pocket_clean_single_chain.pdb,81
protein_group_000001,PDBbind2020:4m2r:accepted,4m2r,PDBbind2020,accepted,accepted,/public/share/yanjianbin/liuyugeng/PLDB/PDBbind2020_process/4m2r/4m2r_protein_clean_single_chain.pdb,/public/share/yanjianbin/liuyugeng/PLDB/PDBbind2020_process/4m2r/4m2r_pocket_clean_single_chain.pdb,85
protein_group_000001,PDBbind2020:4m2u:accepted,4m2u,PDBbind2020,accepted,accepted,/public/share/yanjianbin/liuyugeng/PLDB/PDBbind2020_process/4m2u/4m2u_protein_clean_single_chain.pdb,/public/share/yanjianbin/liuyugeng/PLDB/PDBbind2020_process/4m2u/4m2u_pocket_clean_single_chain.pdb,82
protein_group_000001,PDBbind2020:4mlt:accepted,4mlt,PDBbind2020,accepted,accepted,/public/share/yanjianbin/liuyugeng/PLDB/PDBbind2020_process/4mlt/4mlt_protein_clean_single_chain.pdb,/public/share/yanjianbin/liuyugeng/PLDB/PDBbind2020_process/4mlt/4mlt_pocket_clean_single_chain.pdb,65
protein_group_000001,PDBbind2020:4mlx:accepted,4mlx,PDBbind2020,accepted,accepted,/public/share/yanjianbin/liuyugeng/PLDB/PDBbind2020_process/4mlx/4mlx_protein_clean_single_chain.pdb,/public/share/yanjianbin/liuyugeng/PLDB/PDBbind2020_process/4mlx/4mlx_pocket_clean_single_chain.pdb,67
protein_group_000001,PDBbind2020:4mo8:accepted,4mo8,PDBbind2020,accepted,accepted,/public/share/yanjianbin/liuyugeng/PLDB/PDBbind2020_process/4mo8/4mo8_protein_clean_single_chain.pdb,/public/share/yanjianbin/liuyugeng/PLDB/PDBbind2020_process/4mo8/4mo8_pocket_clean_single_chain.pdb,79
protein_group_000001,PDBbind2020:4pyy:accepted,4pyy,PDBbind2020,accepted,accepted,/public/share/yanjianbin/liuyugeng/PLDB/PDBbind2020_process/4pyy/4pyy_protein_clean_single_chain.pdb,/public/share/yanjianbin/liuyugeng/PLDB/PDBbind2020_process/4pyy/4pyy_pocket_clean_single_chain.pdb,88
protein_group_000001,PDBbind2020:4pyx:accepted,4pyx,PDBbind2020,accepted,accepted,/public/share/yanjianbin/liuyugeng/PLDB/PDBbind2020_process/4pyx/4pyx_protein_clean_single_chain.pdb,/public/share/yanjianbin/liuyugeng/PLDB/PDBbind2020_process/4pyx/4pyx_pocket_clean_single_chain.pdb,91
protein_group_000001,PDBbind2020:4pzh:accepted,4pzh,PDBbind2020,accepted,accepted,/public/share/yanjianbin/liuyugeng/PLDB/PDBbind2020_process/4pzh/4pzh_protein_clean_single_chain.pdb,/public/share/yanjianbin/liuyugeng/PLDB/PDBbind2020_process/4pzh/4pzh_pocket_clean_single_chain.pdb,74
protein_group_000001,PDBbind2020:4q6d:accepted,4q6d,PDBbind2020,accepted,accepted,/public/share/yanjianbin/liuyugeng/PLDB/PDBbind2020_process/4q6d/4q6d_protein_clean_single_chain.pdb,/public/share/yanjianbin/liuyugeng/PLDB/PDBbind2020_process/4q6d/4q6d_pocket_clean_single_chain.pdb,77
protein_group_000001,PDBbind2020:4q7p:accepted,4q7p,PDBbind2020,accepted,accepted,/public/share/yanjianbin/liuyugeng/PLDB/PDBbind2020_process/4q7p/4q7p_protein_clean_single_chain.pdb,/public/share/yanjianbin/liuyugeng/PLDB/PDBbind2020_process/4q7p/4q7p_pocket_clean_single_chain.pdb,69
protein_group_000001,PDBbind2020:4q7s:accepted,4q7s,PDBbind2020,accepted,accepted,/public/share/yanjianbin/liuyugeng/PLDB/PDBbind2020_process/4q7s/4q7s_protein_clean_single_chain.pdb,/public/share/yanjianbin/liuyugeng/PLDB/PDBbind2020_process/4q7s/4q7s_pocket_clean_single_chain.pdb,69
protein_group_000001,PDBbind2020:4q7v:accepted,4q7v,PDBbind2020,accepted,accepted,/public/share/yanjianbin/liuyugeng/PLDB/PDBbind2020_process/4q7v/4q7v_protein_clean_single_chain.pdb,/public/share/yanjianbin/liuyugeng/PLDB/PDBbind2020_process/4q7v/4q7v_pocket_clean_single_chain.pdb,65
protein_group_000001,PDBbind2020:4q6e:accepted,4q6e,PDBbind2020,accepted,accepted,/public/share/yanjianbin/liuyugeng/PLDB/PDBbind2020_process/4q6e/4q6e_protein_clean_single_chain.pdb,/public/share/yanjianbin/liuyugeng/PLDB/PDBbind2020_process/4q6e/4q6e_pocket_clean_single_chain.pdb,76
protein_group_000001,PDBbind2020:4q81:accepted,4q81,PDBbind2020,accepted,accepted,/public/share/yanjianbin/liuyugeng/PLDB/PDBbind2020_process/4q81/4q81_protein_clean_single_chain.pdb,/public/share/yanjianbin/liuyugeng/PLDB/PDBbind2020_process/4q81/4q81_pocket_clean_single_chain.pdb,73
protein_group_000001,PDBbind2020:4q7w:accepted,4q7w,PDBbind2020,accepted,accepted,/public/share/yanjianbin/liuyugeng/PLDB/PDBbind2020_process/4q7w/4q7w_protein_clean_single_chain.pdb,/public/share/yanjianbin/liuyugeng/PLDB/PDBbind2020_process/4q7w/4q7w_pocket_clean_single_chain.pdb,65
protein_group_000001,PDBbind2020:4q8x:accepted,4q8x,PDBbind2020,accepted,accepted,/public/share/yanjianbin/liuyugeng/PLDB/PDBbind2020_process/4q8x/4q8x_protein_clean_single_chain.pdb,/public/share/yanjianbin/liuyugeng/PLDB/PDBbind2020_process/4q8x/4q8x_pocket_clean_single_chain.pdb,65
protein_group_000001,PDBbind2020:4q8y:accepted,4q8y,PDBbind2020,accepted,accepted,/public/share/yanjianbin/liuyugeng/PLDB/PDBbind2020_process/4q8y/4q8y_protein_clean_single_chain.pdb,/public/share/yanjianbin/liuyugeng/PLDB/PDBbind2020_process/4q8y/4q8y_pocket_clean_single_chain.pdb,72
protein_group_000001,PDBbind2020:4q83:accepted,4q83,PDBbind2020,accepted,accepted,/public/share/yanjianbin/liuyugeng/PLDB/PDBbind2020_process/4q83/4q83_protein_clean_single_chain.pdb,/public/share/yanjianbin/liuyugeng/PLDB/PDBbind2020_process/4q83/4q83_pocket_clean_single_chain.pdb,69
protein_group_000001,PDBbind2020:4q87:accepted,4q87,PDBbind2020,accepted,accepted,/public/share/yanjianbin/liuyugeng/PLDB/PDBbind2020_process/4q87/4q87_protein_clean_single_chain.pdb,/public/share/yanjianbin/liuyugeng/PLDB/PDBbind2020_process/4q87/4q87_pocket_clean_single_chain.pdb,68
protein_group_000001,PDBbind2020:4q90:accepted,4q90,PDBbind2020,accepted,accepted,/public/share/yanjianbin/liuyugeng/PLDB/PDBbind2020_process/4q90/4q90_protein_clean_single_chain.pdb,/public/share/yanjianbin/liuyugeng/PLDB/PDBbind2020_process/4q90/4q90_pocket_clean_single_chain.pdb,68
protein_group_000001,PDBbind2020:4q99:accepted,4q99,PDBbind2020,accepted,accepted,/public/share/yanjianbin/liuyugeng/PLDB/PDBbind2020_process/4q99/4q99_protein_clean_single_chain.pdb,/public/share/yanjianbin/liuyugeng/PLDB/PDBbind2020_process/4q99/4q99_pocket_clean_single_chain.pdb,67
protein_group_000001,PDBbind2020:4q9y:accepted,4q9y,PDBbind2020,accepted,accepted,/public/share/yanjianbin/liuyugeng/PLDB/PDBbind2020_process/4q9y/4q9y_protein_clean_single_chain.pdb,/public/share/yanjianbin/liuyugeng/PLDB/PDBbind2020_process/4q9y/4q9y_pocket_clean_single_chain.pdb,65
protein_group_000001,PDBbind2020:4qiy:accepted,4qiy,PDBbind2020,accepted,accepted,/public/share/yanjianbin/liuyugeng/PLDB/PDBbind2020_process/4qiy/4qiy_protein_clean_single_chain.pdb,/public/share/yanjianbin/liuyugeng/PLDB/PDBbind2020_process/4qiy/4qiy_pocket_clean_single_chain.pdb,91
protein_group_000001,PDBbind2020:4qjm:accepted,4qjm,PDBbind2020,accepted,accepted,/public/share/yanjianbin/liuyugeng/PLDB/PDBbind2020_process/4qjm/4qjm_protein_clean_single_chain.pdb,/public/share/yanjianbin/liuyugeng/PLDB/PDBbind2020_process/4qjm/4qjm_pocket_clean_single_chain.pdb,88
protein_group_000001,PDBbind2020:4qtl:accepted,4qtl,PDBbind2020,accepted,accepted,/public/share/yanjianbin/liuyugeng/PLDB/PDBbind2020_process/4qtl/4qtl_protein_clean_single_chain.pdb,/public/share/yanjianbin/liuyugeng/PLDB/PDBbind2020_process/4qtl/4qtl_pocket_clean_single_chain.pdb,92
protein_group_000001,PDBbind2020:4qy3:accepted,4qy3,PDBbind2020,accepted,accepted,/public/share/yanjianbin/liuyugeng/PLDB/PDBbind2020_process/4qy3/4qy3_protein_clean_single_chain.pdb,/public/share/yanjianbin/liuyugeng/PLDB/PDBbind2020_process/4qy3/4qy3_pocket_clean_single_chain.pdb,44
protein_group_000001,PDBbind2020:4r5b:accepted,4r5b,PDBbind2020,accepted,accepted,/public/share/yanjianbin/liuyugeng/PLDB/PDBbind2020_process/4r5b/4r5b_protein_clean_single_chain.pdb,/public/share/yanjianbin/liuyugeng/PLDB/PDBbind2020_process/4r5b/4r5b_pocket_clean_single_chain.pdb,82
protein_group_000001,PDBbind2020:4rfd:accepted,4rfd,PDBbind2020,accepted,accepted,/public/share/yanjianbin/liuyugeng/PLDB/PDBbind2020_process/4rfd/4rfd_protein_clean_single_chain.pdb,/public/share/yanjianbin/liuyugeng/PLDB/PDBbind2020_process/4rfd/4rfd_pocket_clean_single_chain.pdb,74
protein_group_000001,PDBbind2020:4rfc:accepted,4rfc,PDBbind2020,accepted,accepted,/public/share/yanjianbin/liuyugeng/PLDB/PDBbind2020_process/4rfc/4rfc_protein_clean_single_chain.pdb,/public/share/yanjianbin/liuyugeng/PLDB/PDBbind2020_process/4rfc/4rfc_pocket_clean_single_chain.pdb,76
protein_group_000001,PDBbind2020:4rn4:accepted,4rn4,PDBbind2020,accepted,accepted,/public/share/yanjianbin/liuyugeng/PLDB/PDBbind2020_process/4rn4/4rn4_protein_clean_single_chain.pdb,/public/share/yanjianbin/liuyugeng/PLDB/PDBbind2020_process/4rn4/4rn4_pocket_clean_single_chain.pdb,89
protein_group_000001,PDBbind2020:4rux:accepted,4rux,PDBbind2020,accepted,accepted,/public/share/yanjianbin/liuyugeng/PLDB/PDBbind2020_process/4rux/4rux_protein_clean_single_chain.pdb,/public/share/yanjianbin/liuyugeng/PLDB/PDBbind2020_process/4rux/4rux_pocket_clean_single_chain.pdb,75
protein_group_000001,PDBbind2020:4ruy:accepted,4ruy,PDBbind2020,accepted,accepted,/public/share/yanjianbin/liuyugeng/PLDB/PDBbind2020_process/4ruy/4ruy_protein_clean_single_chain.pdb,/public/share/yanjianbin/liuyugeng/PLDB/PDBbind2020_process/4ruy/4ruy_pocket_clean_single_chain.pdb,75
protein_group_000001,PDBbind2020:4ruz:accepted,4ruz,PDBbind2020,accepted,accepted,/public/share/yanjianbin/liuyugeng/PLDB/PDBbind2020_process/4ruz/4ruz_protein_clean_single_chain.pdb,/public/share/yanjianbin/liuyugeng/PLDB/PDBbind2020_process/4ruz/4ruz_pocket_clean_single_chain.pdb,73
protein_group_000001,PDBbind2020:4ww6:accepted,4ww6,PDBbind2020,accepted,accepted,/public/share/yanjianbin/liuyugeng/PLDB/PDBbind2020_process/4ww6/4ww6_protein_clean_single_chain.pdb,/public/share/yanjianbin/liuyugeng/PLDB/PDBbind2020_process/4ww6/4ww6_pocket_clean_single_chain.pdb,76
protein_group_000001,PDBbind2020:4xe1:accepted,4xe1,PDBbind2020,accepted,accepted,/public/share/yanjianbin/liuyugeng/PLDB/PDBbind2020_process/4xe1/4xe1_protein_clean_single_chain.pdb,/public/share/yanjianbin/liuyugeng/PLDB/PDBbind2020_process/4xe1/4xe1_pocket_clean_single_chain.pdb,75
protein_group_000001,PDBbind2020:4yx4:accepted,4yx4,PDBbind2020,accepted,accepted,/public/share/yanjianbin/liuyugeng/PLDB/PDBbind2020_process/4yx4/4yx4_protein_clean_single_chain.pdb,/public/share/yanjianbin/liuyugeng/PLDB/PDBbind2020_process/4yx4/4yx4_pocket_clean_single_chain.pdb,69
protein_group_000001,PDBbind2020:4yxi:accepted,4yxi,PDBbind2020,accepted,accepted,/public/share/yanjianbin/liuyugeng/PLDB/PDBbind2020_process/4yxi/4yxi_protein_clean_single_chain.pdb,/public/share/yanjianbin/liuyugeng/PLDB/PDBbind2020_process/4yxi/4yxi_pocket_clean_single_chain.pdb,69
protein_group_000001,PDBbind2020:4yxu:accepted,4yxu,PDBbind2020,accepted,accepted,/public/share/yanjianbin/liuyugeng/PLDB/PDBbind2020_process/4yxu/4yxu_protein_clean_single_chain.pdb,/public/share/yanjianbin/liuyugeng/PLDB/PDBbind2020_process/4yxu/4yxu_pocket_clean_single_chain.pdb,71
protein_group_000001,PDBbind2020:4yxo:accepted,4yxo,PDBbind2020,accepted,accepted,/public/share/yanjianbin/liuyugeng/PLDB/PDBbind2020_process/4yxo/4yxo_protein_clean_single_chain.pdb,/public/share/yanjianbin/liuyugeng/PLDB/PDBbind2020_process/4yxo/4yxo_pocket_clean_single_chain.pdb,72
protein_group_000001,PDBbind2020:4yyt:accepted,4yyt,PDBbind2020,accepted,accepted,/public/share/yanjianbin/liuyugeng/PLDB/PDBbind2020_process/4yyt/4yyt_protein_clean_single_chain.pdb,/public/share/yanjianbin/liuyugeng/PLDB/PDBbind2020_process/4yyt/4yyt_pocket_clean_single_chain.pdb,72
protein_group_000001,PDBbind2020:4z0q:accepted,4z0q,PDBbind2020,accepted,accepted,/public/share/yanjianbin/liuyugeng/PLDB/PDBbind2020_process/4z0q/4z0q_protein_clean_single_chain.pdb,/public/share/yanjianbin/liuyugeng/PLDB/PDBbind2020_process/4z0q/4z0q_pocket_clean_single_chain.pdb,78
protein_group_000001,PDBbind2020:4z1e:accepted,4z1e,PDBbind2020,accepted,accepted,/public/share/yanjianbin/liuyugeng/PLDB/PDBbind2020_process/4z1e/4z1e_protein_clean_single_chain.pdb,/public/share/yanjianbin/liuyugeng/PLDB/PDBbind2020_process/4z1e/4z1e_pocket_clean_single_chain.pdb,78
protein_group_000001,PDBbind2020:4z1j:accepted,4z1j,PDBbind2020,accepted,accepted,/public/share/yanjianbin/liuyugeng/PLDB/PDBbind2020_process/4z1j/4z1j_protein_clean_single_chain.pdb,/public/share/yanjianbin/liuyugeng/PLDB/PDBbind2020_process/4z1j/4z1j_pocket_clean_single_chain.pdb,78
protein_group_000001,PDBbind2020:4z1k:accepted,4z1k,PDBbind2020,accepted,accepted,/public/share/yanjianbin/liuyugeng/PLDB/PDBbind2020_process/4z1k/4z1k_protein_clean_single_chain.pdb,/public/share/yanjianbin/liuyugeng/PLDB/PDBbind2020_process/4z1k/4z1k_pocket_clean_single_chain.pdb,78
protein_group_000001,PDBbind2020:4z1n:accepted,4z1n,PDBbind2020,accepted,accepted,/public/share/yanjianbin/liuyugeng/PLDB/PDBbind2020_process/4z1n/4z1n_protein_clean_single_chain.pdb,/public/share/yanjianbin/liuyugeng/PLDB/PDBbind2020_process/4z1n/4z1n_pocket_clean_single_chain.pdb,78
protein_group_000001,PDBbind2020:4zwy:accepted,4zwy,PDBbind2020,accepted,accepted,/public/share/yanjianbin/liuyugeng/PLDB/PDBbind2020_process/4zwy/4zwy_protein_clean_single_chain.pdb,/public/share/yanjianbin/liuyugeng/PLDB/PDBbind2020_process/4zwy/4zwy_pocket_clean_single_chain.pdb,88
protein_group_000001,PDBbind2020:4zx0:accepted,4zx0,PDBbind2020,accepted,accepted,/public/share/yanjianbin/liuyugeng/PLDB/PDBbind2020_process/4zx0/4zx0_protein_clean_single_chain.pdb,/public/share/yanjianbin/liuyugeng/PLDB/PDBbind2020_process/4zx0/4zx0_pocket_clean_single_chain.pdb,88
protein_group_000001,PDBbind2020:5a6h:accepted,5a6h,PDBbind2020,accepted,accepted,/public/share/yanjianbin/liuyugeng/PLDB/PDBbind2020_process/5a6h/5a6h_protein_clean_single_chain.pdb,/public/share/yanjianbin/liuyugeng/PLDB/PDBbind2020_process/5a6h/5a6h_pocket_clean_single_chain.pdb,79
protein_group_000001,PDBbind2020:5aml:accepted,5aml,PDBbind2020,accepted,accepted,/public/share/yanjianbin/liuyugeng/PLDB/PDBbind2020_process/5aml/5aml_protein_clean_single_chain.pdb,/public/share/yanjianbin/liuyugeng/PLDB/PDBbind2020_process/5aml/5aml_pocket_clean_single_chain.pdb,83
protein_group_000001,PDBbind2020:5amg:accepted,5amg,PDBbind2020,accepted,accepted,/public/share/yanjianbin/liuyugeng/PLDB/PDBbind2020_process/5amg/5amg_protein_clean_single_chain.pdb,/public/share/yanjianbin/liuyugeng/PLDB/PDBbind2020_process/5amg/5amg_pocket_clean_single_chain.pdb,84
protein_group_000001,PDBbind2020:5amd:accepted,5amd,PDBbind2020,accepted,accepted,/public/share/yanjianbin/liuyugeng/PLDB/PDBbind2020_process/5amd/5amd_protein_clean_single_chain.pdb,/public/share/yanjianbin/liuyugeng/PLDB/PDBbind2020_process/5amd/5amd_pocket_clean_single_chain.pdb,84
protein_group_000001,PDBbind2020:5byi:accepted,5byi,PDBbind2020,accepted,accepted,/public/share/yanjianbin/liuyugeng/PLDB/PDBbind2020_process/5byi/5byi_protein_clean_single_chain.pdb,/public/share/yanjianbin/liuyugeng/PLDB/PDBbind2020_process/5byi/5byi_pocket_clean_single_chain.pdb,74
protein_group_000001,PDBbind2020:5doh:accepted,5doh,PDBbind2020,accepted,accepted,/public/share/yanjianbin/liuyugeng/PLDB/PDBbind2020_process/5doh/5doh_protein_clean_single_chain.pdb,/public/share/yanjianbin/liuyugeng/PLDB/PDBbind2020_process/5doh/5doh_pocket_clean_single_chain.pdb,93
protein_group_000001,PDBbind2020:5drs:accepted,5drs,PDBbind2020,accepted,accepted,/public/share/yanjianbin/liuyugeng/PLDB/PDBbind2020_process/5drs/5drs_protein_clean_single_chain.pdb,/public/share/yanjianbin/liuyugeng/PLDB/PDBbind2020_process/5drs/5drs_pocket_clean_single_chain.pdb,83
protein_group_000001,PDBbind2020:5e28:accepted,5e28,PDBbind2020,accepted,accepted,/public/share/yanjianbin/liuyugeng/PLDB/PDBbind2020_process/5e28/5e28_protein_clean_single_chain.pdb,/public/share/yanjianbin/liuyugeng/PLDB/PDBbind2020_process/5e28/5e28_pocket_clean_single_chain.pdb,72
protein_group_000001,PDBbind2020:5e2k:accepted,5e2k,PDBbind2020,accepted,accepted,/public/share/yanjianbin/liuyugeng/PLDB/PDBbind2020_process/5e2k/5e2k_protein_clean_single_chain.pdb,/public/share/yanjianbin/liuyugeng/PLDB/PDBbind2020_process/5e2k/5e2k_pocket_clean_single_chain.pdb,74
protein_group_000001,PDBbind2020:5e2r:accepted,5e2r,PDBbind2020,accepted,accepted,/public/share/yanjianbin/liuyugeng/PLDB/PDBbind2020_process/5e2r/5e2r_protein_clean_single_chain.pdb,/public/share/yanjianbin/liuyugeng/PLDB/PDBbind2020_process/5e2r/5e2r_pocket_clean_single_chain.pdb,74
protein_group_000001,PDBbind2020:5e2s:accepted,5e2s,PDBbind2020,accepted,accepted,/public/share/yanjianbin/liuyugeng/PLDB/PDBbind2020_process/5e2s/5e2s_protein_clean_single_chain.pdb,/public/share/yanjianbin/liuyugeng/PLDB/PDBbind2020_process/5e2s/5e2s_pocket_clean_single_chain.pdb,81
protein_group_000001,PDBbind2020:5eh5:accepted,5eh5,PDBbind2020,accepted,accepted,/public/share/yanjianbin/liuyugeng/PLDB/PDBbind2020_process/5eh5/5eh5_protein_clean_single_chain.pdb,/public/share/yanjianbin/liuyugeng/PLDB/PDBbind2020_process/5eh5/5eh5_pocket_clean_single_chain.pdb,72
protein_group_000001,PDBbind2020:5eh8:accepted,5eh8,PDBbind2020,accepted,accepted,/public/share/yanjianbin/liuyugeng/PLDB/PDBbind2020_process/5eh8/5eh8_protein_clean_single_chain.pdb,/public/share/yanjianbin/liuyugeng/PLDB/PDBbind2020_process/5eh8/5eh8_pocket_clean_single_chain.pdb,68
protein_group_000001,PDBbind2020:5eh7:accepted,5eh7,PDBbind2020,accepted,accepted,/public/share/yanjianbin/liuyugeng/PLDB/PDBbind2020_process/5eh7/5eh7_protein_clean_single_chain.pdb,/public/share/yanjianbin/liuyugeng/PLDB/PDBbind2020_process/5eh7/5eh7_pocket_clean_single_chain.pdb,75
protein_group_000001,PDBbind2020:5ehe:accepted,5ehe,PDBbind2020,accepted,accepted,/public/share/yanjianbin/liuyugeng/PLDB/PDBbind2020_process/5ehe/5ehe_protein_clean_single_chain.pdb,/public/share/yanjianbin/liuyugeng/PLDB/PDBbind2020_process/5ehe/5ehe_pocket_clean_single_chain.pdb,81
protein_group_000001,PDBbind2020:5ehv:accepted,5ehv,PDBbind2020,accepted,accepted,/public/share/yanjianbin/liuyugeng/PLDB/PDBbind2020_process/5ehv/5ehv_protein_clean_single_chain.pdb,/public/share/yanjianbin/liuyugeng/PLDB/PDBbind2020_process/5ehv/5ehv_pocket_clean_single_chain.pdb,72
protein_group_000001,PDBbind2020:5ehw:accepted,5ehw,PDBbind2020,accepted,accepted,/public/share/yanjianbin/liuyugeng/PLDB/PDBbind2020_process/5ehw/5ehw_protein_clean_single_chain.pdb,/public/share/yanjianbin/liuyugeng/PLDB/PDBbind2020_process/5ehw/5ehw_pocket_clean_single_chain.pdb,68
protein_group_000001,PDBbind2020:5eij:accepted,5eij,PDBbind2020,accepted,accepted,/public/share/yanjianbin/liuyugeng/PLDB/PDBbind2020_process/5eij/5eij_protein_clean_single_chain.pdb,/public/share/yanjianbin/liuyugeng/PLDB/PDBbind2020_process/5eij/5eij_pocket_clean_single_chain.pdb,78
protein_group_000001,PDBbind2020:5ekh:accepted,5ekh,PDBbind2020,accepted,accepted,/public/share/yanjianbin/liuyugeng/PLDB/PDBbind2020_process/5ekh/5ekh_protein_clean_single_chain.pdb,/public/share/yanjianbin/liuyugeng/PLDB/PDBbind2020_process/5ekh/5ekh_pocket_clean_single_chain.pdb,74
protein_group_000001,PDBbind2020:5ekj:accepted,5ekj,PDBbind2020,accepted,accepted,/public/share/yanjianbin/liuyugeng/PLDB/PDBbind2020_process/5ekj/5ekj_protein_clean_single_chain.pdb,/public/share/yanjianbin/liuyugeng/PLDB/PDBbind2020_process/5ekj/5ekj_pocket_clean_single_chain.pdb,76
protein_group_000001,PDBbind2020:5ekm:accepted,5ekm,PDBbind2020,accepted,accepted,/public/share/yanjianbin/liuyugeng/PLDB/PDBbind2020_process/5ekm/5ekm_protein_clean_single_chain.pdb,/public/share/yanjianbin/liuyugeng/PLDB/PDBbind2020_process/5ekm/5ekm_pocket_clean_single_chain.pdb,84
protein_group_000001,PDBbind2020:5fdc:accepted,5fdc,PDBbind2020,accepted,accepted,/public/share/yanjianbin/liuyugeng/PLDB/PDBbind2020_process/5fdc/5fdc_protein_clean_single_chain.pdb,/public/share/yanjianbin/liuyugeng/PLDB/PDBbind2020_process/5fdc/5fdc_pocket_clean_single_chain.pdb,75
protein_group_000001,PDBbind2020:5fdi:accepted,5fdi,PDBbind2020,accepted,accepted,/public/share/yanjianbin/liuyugeng/PLDB/PDBbind2020_process/5fdi/5fdi_protein_clean_single_chain.pdb,/public/share/yanjianbin/liuyugeng/PLDB/PDBbind2020_process/5fdi/5fdi_pocket_clean_single_chain.pdb,71
protein_group_000001,PDBbind2020:5flo:accepted,5flo,PDBbind2020,accepted,accepted,/public/share/yanjianbin/liuyugeng/PLDB/PDBbind2020_process/5flo/5flo_protein_clean_single_chain.pdb,/public/share/yanjianbin/liuyugeng/PLDB/PDBbind2020_process/5flo/5flo_pocket_clean_single_chain.pdb,75
protein_group_000001,PDBbind2020:5flp:accepted,5flp,PDBbind2020,accepted,accepted,/public/share/yanjianbin/liuyugeng/PLDB/PDBbind2020_process/5flp/5flp_protein_clean_single_chain.pdb,/public/share/yanjianbin/liuyugeng/PLDB/PDBbind2020_process/5flp/5flp_pocket_clean_single_chain.pdb,66
protein_group_000001,PDBbind2020:5flq:accepted,5flq,PDBbind2020,accepted,accepted,/public/share/yanjianbin/liuyugeng/PLDB/PDBbind2020_process/5flq/5flq_protein_clean_single_chain.pdb,/public/share/yanjianbin/liuyugeng/PLDB/PDBbind2020_process/5flq/5flq_pocket_clean_single_chain.pdb,75
protein_group_000001,PDBbind2020:5fls:accepted,5fls,PDBbind2020,accepted,accepted,/public/share/yanjianbin/liuyugeng/PLDB/PDBbind2020_process/5fls/5fls_protein_clean_single_chain.pdb,/public/share/yanjianbin/liuyugeng/PLDB/PDBbind2020_process/5fls/5fls_pocket_clean_single_chain.pdb,64
protein_group_000001,PDBbind2020:5fng:accepted,5fng,PDBbind2020,accepted,accepted,/public/share/yanjianbin/liuyugeng/PLDB/PDBbind2020_process/5fng/5fng_protein_clean_single_chain.pdb,/public/share/yanjianbin/liuyugeng/PLDB/PDBbind2020_process/5fng/5fng_pocket_clean_single_chain.pdb,75
protein_group_000001,PDBbind2020:5flt:accepted,5flt,PDBbind2020,accepted,accepted,/public/share/yanjianbin/liuyugeng/PLDB/PDBbind2020_process/5flt/5flt_protein_clean_single_chain.pdb,/public/share/yanjianbin/liuyugeng/PLDB/PDBbind2020_process/5flt/5flt_pocket_clean_single_chain.pdb,66
protein_group_000001,PDBbind2020:5fni:accepted,5fni,PDBbind2020,accepted,accepted,/public/share/yanjianbin/liuyugeng/PLDB/PDBbind2020_process/5fni/5fni_protein_clean_single_chain.pdb,/public/share/yanjianbin/liuyugeng/PLDB/PDBbind2020_process/5fni/5fni_pocket_clean_single_chain.pdb,75
protein_group_000001,PDBbind2020:5fnj:accepted,5fnj,PDBbind2020,accepted,accepted,/public/share/yanjianbin/liuyugeng/PLDB/PDBbind2020_process/5fnj/5fnj_protein_clean_single_chain.pdb,/public/share/yanjianbin/liuyugeng/PLDB/PDBbind2020_process/5fnj/5fnj_pocket_clean_single_chain.pdb,73
protein_group_000001,PDBbind2020:5gmn:accepted,5gmn,PDBbind2020,accepted,accepted,/public/share/yanjianbin/liuyugeng/PLDB/PDBbind2020_process/5gmn/5gmn_protein_clean_single_chain.pdb,/public/share/yanjianbin/liuyugeng/PLDB/PDBbind2020_process/5gmn/5gmn_pocket_clean_single_chain.pdb,80
protein_group_000001,PDBbind2020:5j8z:accepted,5j8z,PDBbind2020,accepted,accepted,/public/share/yanjianbin/liuyugeng/PLDB/PDBbind2020_process/5j8z/5j8z_protein_clean_single_chain.pdb,/public/share/yanjianbin/liuyugeng/PLDB/PDBbind2020_process/5j8z/5j8z_pocket_clean_single_chain.pdb,81
protein_group_000001,PDBbind2020:5ljq:accepted,5ljq,PDBbind2020,accepted,accepted,/public/share/yanjianbin/liuyugeng/PLDB/PDBbind2020_process/5ljq/5ljq_protein_clean_single_chain.pdb,/public/share/yanjianbin/liuyugeng/PLDB/PDBbind2020_process/5ljq/5ljq_pocket_clean_single_chain.pdb,77
protein_group_000001,PDBbind2020:5ljt:accepted,5ljt,PDBbind2020,accepted,accepted,/public/share/yanjianbin/liuyugeng/PLDB/PDBbind2020_process/5ljt/5ljt_protein_clean_single_chain.pdb,/public/share/yanjianbin/liuyugeng/PLDB/PDBbind2020_process/5ljt/5ljt_pocket_clean_single_chain.pdb,76
protein_group_000001,PDBbind2020:5ll4:accepted,5ll4,PDBbind2020,accepted,accepted,/public/share/yanjianbin/liuyugeng/PLDB/PDBbind2020_process/5ll4/5ll4_protein_clean_single_chain.pdb,/public/share/yanjianbin/liuyugeng/PLDB/PDBbind2020_process/5ll4/5ll4_pocket_clean_single_chain.pdb,77
protein_group_000001,PDBbind2020:5lle:accepted,5lle,PDBbind2020,accepted,accepted,/public/share/yanjianbin/liuyugeng/PLDB/PDBbind2020_process/5lle/5lle_protein_clean_single_chain.pdb,/public/share/yanjianbin/liuyugeng/PLDB/PDBbind2020_process/5lle/5lle_pocket_clean_single_chain.pdb,80
protein_group_000001,PDBbind2020:5llc:accepted,5llc,PDBbind2020,accepted,accepted,/public/share/yanjianbin/liuyugeng/PLDB/PDBbind2020_process/5llc/5llc_protein_clean_single_chain.pdb,/public/share/yanjianbin/liuyugeng/PLDB/PDBbind2020_process/5llc/5llc_pocket_clean_single_chain.pdb,81
protein_group_000001,PDBbind2020:5llh:accepted,5llh,PDBbind2020,accepted,accepted,/public/share/yanjianbin/liuyugeng/PLDB/PDBbind2020_process/5llh/5llh_protein_clean_single_chain.pdb,/public/share/yanjianbin/liuyugeng/PLDB/PDBbind2020_process/5llh/5llh_pocket_clean_single_chain.pdb,78
protein_group_000001,PDBbind2020:5llg:accepted,5llg,PDBbind2020,accepted,accepted,/public/share/yanjianbin/liuyugeng/PLDB/PDBbind2020_process/5llg/5llg_protein_clean_single_chain.pdb,/public/share/yanjianbin/liuyugeng/PLDB/PDBbind2020_process/5llg/5llg_pocket_clean_single_chain.pdb,75
protein_group_000001,PDBbind2020:5mjn:accepted,5mjn,PDBbind2020,accepted,accepted,/public/share/yanjianbin/liuyugeng/PLDB/PDBbind2020_process/5mjn/5mjn_protein_clean_single_chain.pdb,/public/share/yanjianbin/liuyugeng/PLDB/PDBbind2020_process/5mjn/5mjn_pocket_clean_single_chain.pdb,75
protein_group_000001,PDBbind2020:5n0e:accepted,5n0e,PDBbind2020,accepted,accepted,/public/share/yanjianbin/liuyugeng/PLDB/PDBbind2020_process/5n0e/5n0e_protein_clean_single_chain.pdb,/public/share/yanjianbin/liuyugeng/PLDB/PDBbind2020_process/5n0e/5n0e_pocket_clean_single_chain.pdb,84
protein_group_000001,PDBbind2020:5n0d:accepted,5n0d,PDBbind2020,accepted,accepted,/public/share/yanjianbin/liuyugeng/PLDB/PDBbind2020_process/5n0d/5n0d_protein_clean_single_chain.pdb,/public/share/yanjianbin/liuyugeng/PLDB/PDBbind2020_process/5n0d/5n0d_pocket_clean_single_chain.pdb,88
protein_group_000001,PDBbind2020:5n1r:accepted,5n1r,PDBbind2020,accepted,accepted,/public/share/yanjianbin/liuyugeng/PLDB/PDBbind2020_process/5n1r/5n1r_protein_clean_single_chain.pdb,/public/share/yanjianbin/liuyugeng/PLDB/PDBbind2020_process/5n1r/5n1r_pocket_clean_single_chain.pdb,71
protein_group_000001,PDBbind2020:5n1s:accepted,5n1s,PDBbind2020,accepted,accepted,/public/share/yanjianbin/liuyugeng/PLDB/PDBbind2020_process/5n1s/5n1s_protein_clean_single_chain.pdb,/public/share/yanjianbin/liuyugeng/PLDB/PDBbind2020_process/5n1s/5n1s_pocket_clean_single_chain.pdb,75
protein_group_000001,PDBbind2020:5n24:accepted,5n24,PDBbind2020,accepted,accepted,/public/share/yanjianbin/liuyugeng/PLDB/PDBbind2020_process/5n24/5n24_protein_clean_single_chain.pdb,/public/share/yanjianbin/liuyugeng/PLDB/PDBbind2020_process/5n24/5n24_pocket_clean_single_chain.pdb,75
protein_group_000001,PDBbind2020:5n25:accepted,5n25,PDBbind2020,accepted,accepted,/public/share/yanjianbin/liuyugeng/PLDB/PDBbind2020_process/5n25/5n25_protein_clean_single_chain.pdb,/public/share/yanjianbin/liuyugeng/PLDB/PDBbind2020_process/5n25/5n25_pocket_clean_single_chain.pdb,72
protein_group_000001,PDBbind2020:5nea:accepted,5nea,PDBbind2020,accepted,accepted,/public/share/yanjianbin/liuyugeng/PLDB/PDBbind2020_process/5nea/5nea_protein_clean_single_chain.pdb,/public/share/yanjianbin/liuyugeng/PLDB/PDBbind2020_process/5nea/5nea_pocket_clean_single_chain.pdb,73
protein_group_000001,PDBbind2020:5nee:accepted,5nee,PDBbind2020,accepted,accepted,/public/share/yanjianbin/liuyugeng/PLDB/PDBbind2020_process/5nee/5nee_protein_clean_single_chain.pdb,/public/share/yanjianbin/liuyugeng/PLDB/PDBbind2020_process/5nee/5nee_pocket_clean_single_chain.pdb,76
protein_group_000001,PDBbind2020:5nxg:accepted,5nxg,PDBbind2020,accepted,accepted,/public/share/yanjianbin/liuyugeng/PLDB/PDBbind2020_process/5nxg/5nxg_protein_clean_single_chain.pdb,/public/share/yanjianbin/liuyugeng/PLDB/PDBbind2020_process/5nxg/5nxg_pocket_clean_single_chain.pdb,75
protein_group_000001,PDBbind2020:5nxo:accepted,5nxo,PDBbind2020,accepted,accepted,/public/share/yanjianbin/liuyugeng/PLDB/PDBbind2020_process/5nxo/5nxo_protein_clean_single_chain.pdb,/public/share/yanjianbin/liuyugeng/PLDB/PDBbind2020_process/5nxo/5nxo_pocket_clean_single_chain.pdb,75
protein_group_000001,PDBbind2020:5nxi:accepted,5nxi,PDBbind2020,accepted,accepted,/public/share/yanjianbin/liuyugeng/PLDB/PDBbind2020_process/5nxi/5nxi_protein_clean_single_chain.pdb,/public/share/yanjianbin/liuyugeng/PLDB/PDBbind2020_process/5nxi/5nxi_pocket_clean_single_chain.pdb,77
protein_group_000001,PDBbind2020:5nxv:accepted,5nxv,PDBbind2020,accepted,accepted,/public/share/yanjianbin/liuyugeng/PLDB/PDBbind2020_process/5nxv/5nxv_protein_clean_single_chain.pdb,/public/share/yanjianbin/liuyugeng/PLDB/PDBbind2020_process/5nxv/5nxv_pocket_clean_single_chain.pdb,76
protein_group_000001,PDBbind2020:5nxw:accepted,5nxw,PDBbind2020,accepted,accepted,/public/share/yanjianbin/liuyugeng/PLDB/PDBbind2020_process/5nxw/5nxw_protein_clean_single_chain.pdb,/public/share/yanjianbin/liuyugeng/PLDB/PDBbind2020_process/5nxw/5nxw_pocket_clean_single_chain.pdb,74
protein_group_000001,PDBbind2020:5nxp:accepted,5nxp,PDBbind2020,accepted,accepted,/public/share/yanjianbin/liuyugeng/PLDB/PDBbind2020_process/5nxp/5nxp_protein_clean_single_chain.pdb,/public/share/yanjianbin/liuyugeng/PLDB/PDBbind2020_process/5nxp/5nxp_pocket_clean_single_chain.pdb,80
protein_group_000001,PDBbind2020:5ny6:accepted,5ny6,PDBbind2020,accepted,accepted,/public/share/yanjianbin/liuyugeng/PLDB/PDBbind2020_process/5ny6/5ny6_protein_clean_single_chain.pdb,/public/share/yanjianbin/liuyugeng/PLDB/PDBbind2020_process/5ny6/5ny6_pocket_clean_single_chain.pdb,29
protein_group_000001,PDBbind2020:5ny3:accepted,5ny3,PDBbind2020,accepted,accepted,/public/share/yanjianbin/liuyugeng/PLDB/PDBbind2020_process/5ny3/5ny3_protein_clean_single_chain.pdb,/public/share/yanjianbin/liuyugeng/PLDB/PDBbind2020_process/5ny3/5ny3_pocket_clean_single_chain.pdb,75
protein_group_000001,PDBbind2020:5ny1:accepted,5ny1,PDBbind2020,accepted,accepted,/public/share/yanjianbin/liuyugeng/PLDB/PDBbind2020_process/5ny1/5ny1_protein_clean_single_chain.pdb,/public/share/yanjianbin/liuyugeng/PLDB/PDBbind2020_process/5ny1/5ny1_pocket_clean_single_chain.pdb,79
protein_group_000001,PDBbind2020:5nya:accepted,5nya,PDBbind2020,accepted,accepted,/public/share/yanjianbin/liuyugeng/PLDB/PDBbind2020_process/5nya/5nya_protein_clean_single_chain.pdb,/public/share/yanjianbin/liuyugeng/PLDB/PDBbind2020_process/5nya/5nya_pocket_clean_single_chain.pdb,69
protein_group_000001,PDBbind2020:5o07:accepted,5o07,PDBbind2020,accepted,accepted,/public/share/yanjianbin/liuyugeng/PLDB/PDBbind2020_process/5o07/5o07_protein_clean_single_chain.pdb,/public/share/yanjianbin/liuyugeng/PLDB/PDBbind2020_process/5o07/5o07_pocket_clean_single_chain.pdb,76
protein_group_000001,PDBbind2020:5sz0:accepted,5sz0,PDBbind2020,accepted,accepted,/public/share/yanjianbin/liuyugeng/PLDB/PDBbind2020_process/5sz0/5sz0_protein_clean_single_chain.pdb,/public/share/yanjianbin/liuyugeng/PLDB/PDBbind2020_process/5sz0/5sz0_pocket_clean_single_chain.pdb,74
protein_group_000001,PDBbind2020:5sz1:accepted,5sz1,PDBbind2020,accepted,accepted,/public/share/yanjianbin/liuyugeng/PLDB/PDBbind2020_process/5sz1/5sz1_protein_clean_single_chain.pdb,/public/share/yanjianbin/liuyugeng/PLDB/PDBbind2020_process/5sz1/5sz1_pocket_clean_single_chain.pdb,77
protein_group_000001,PDBbind2020:5sz2:accepted,5sz2,PDBbind2020,accepted,accepted,/public/share/yanjianbin/liuyugeng/PLDB/PDBbind2020_process/5sz2/5sz2_protein_clean_single_chain.pdb,/public/share/yanjianbin/liuyugeng/PLDB/PDBbind2020_process/5sz2/5sz2_pocket_clean_single_chain.pdb,28
protein_group_000001,PDBbind2020:5sz3:accepted,5sz3,PDBbind2020,accepted,accepted,/public/share/yanjianbin/liuyugeng/PLDB/PDBbind2020_process/5sz3/5sz3_protein_clean_single_chain.pdb,/public/share/yanjianbin/liuyugeng/PLDB/PDBbind2020_process/5sz3/5sz3_pocket_clean_single_chain.pdb,74
protein_group_000001,PDBbind2020:5tfx:accepted,5tfx,PDBbind2020,accepted,accepted,/public/share/yanjianbin/liuyugeng/PLDB/PDBbind2020_process/5tfx/5tfx_protein_clean_single_chain.pdb,/public/share/yanjianbin/liuyugeng/PLDB/PDBbind2020_process/5tfx/5tfx_pocket_clean_single_chain.pdb,78
protein_group_000001,PDBbind2020:5thn:accepted,5thn,PDBbind2020,accepted,accepted,/public/share/yanjianbin/liuyugeng/PLDB/PDBbind2020_process/5thn/5thn_protein_clean_single_chain.pdb,/public/share/yanjianbin/liuyugeng/PLDB/PDBbind2020_process/5thn/5thn_pocket_clean_single_chain.pdb,68
protein_group_000001,PDBbind2020:5thj:accepted,5thj,PDBbind2020,accepted,accepted,/public/share/yanjianbin/liuyugeng/PLDB/PDBbind2020_process/5thj/5thj_protein_clean_single_chain.pdb,/public/share/yanjianbin/liuyugeng/PLDB/PDBbind2020_process/5thj/5thj_pocket_clean_single_chain.pdb,62
protein_group_000001,PDBbind2020:5txy:accepted,5txy,PDBbind2020,accepted,accepted,/public/share/yanjianbin/liuyugeng/PLDB/PDBbind2020_process/5txy/5txy_protein_clean_single_chain.pdb,/public/share/yanjianbin/liuyugeng/PLDB/PDBbind2020_process/5txy/5txy_pocket_clean_single_chain.pdb,70
protein_group_000001,PDBbind2020:5ty8:accepted,5ty8,PDBbind2020,accepted,accepted,/public/share/yanjianbin/liuyugeng/PLDB/PDBbind2020_process/5ty8/5ty8_protein_clean_single_chain.pdb,/public/share/yanjianbin/liuyugeng/PLDB/PDBbind2020_process/5ty8/5ty8_pocket_clean_single_chain.pdb,69
protein_group_000001,PDBbind2020:5ty1:accepted,5ty1,PDBbind2020,accepted,accepted,/public/share/yanjianbin/liuyugeng/PLDB/PDBbind2020_process/5ty1/5ty1_protein_clean_single_chain.pdb,/public/share/yanjianbin/liuyugeng/PLDB/PDBbind2020_process/5ty1/5ty1_pocket_clean_single_chain.pdb,78
protein_group_000001,PDBbind2020:5ty9:accepted,5ty9,PDBbind2020,accepted,accepted,/public/share/yanjianbin/liuyugeng/PLDB/PDBbind2020_process/5ty9/5ty9_protein_clean_single_chain.pdb,/public/share/yanjianbin/liuyugeng/PLDB/PDBbind2020_process/5ty9/5ty9_pocket_clean_single_chain.pdb,78
protein_group_000001,PDBbind2020:5tya:accepted,5tya,PDBbind2020,accepted,accepted,/public/share/yanjianbin/liuyugeng/PLDB/PDBbind2020_process/5tya/5tya_protein_clean_single_chain.pdb,/public/share/yanjianbin/liuyugeng/PLDB/PDBbind2020_process/5tya/5tya_pocket_clean_single_chain.pdb,67
protein_group_000001,PDBbind2020:5u0d:accepted,5u0d,PDBbind2020,accepted,accepted,/public/share/yanjianbin/liuyugeng/PLDB/PDBbind2020_process/5u0d/5u0d_protein_clean_single_chain.pdb,/public/share/yanjianbin/liuyugeng/PLDB/PDBbind2020_process/5u0d/5u0d_pocket_clean_single_chain.pdb,76
protein_group_000001,PDBbind2020:5u0e:accepted,5u0e,PDBbind2020,accepted,accepted,/public/share/yanjianbin/liuyugeng/PLDB/PDBbind2020_process/5u0e/5u0e_protein_clean_single_chain.pdb,/public/share/yanjianbin/liuyugeng/PLDB/PDBbind2020_process/5u0e/5u0e_pocket_clean_single_chain.pdb,74
protein_group_000001,PDBbind2020:5u0f:accepted,5u0f,PDBbind2020,accepted,accepted,/public/share/yanjianbin/liuyugeng/PLDB/PDBbind2020_process/5u0f/5u0f_protein_clean_single_chain.pdb,/public/share/yanjianbin/liuyugeng/PLDB/PDBbind2020_process/5u0f/5u0f_pocket_clean_single_chain.pdb,80
protein_group_000001,PDBbind2020:5u0g:accepted,5u0g,PDBbind2020,accepted,accepted,/public/share/yanjianbin/liuyugeng/PLDB/PDBbind2020_process/5u0g/5u0g_protein_clean_single_chain.pdb,/public/share/yanjianbin/liuyugeng/PLDB/PDBbind2020_process/5u0g/5u0g_pocket_clean_single_chain.pdb,79
protein_group_000001,PDBbind2020:5uln:accepted,5uln,PDBbind2020,accepted,accepted,/public/share/yanjianbin/liuyugeng/PLDB/PDBbind2020_process/5uln/5uln_protein_clean_single_chain.pdb,/public/share/yanjianbin/liuyugeng/PLDB/PDBbind2020_process/5uln/5uln_pocket_clean_single_chain.pdb,78
protein_group_000001,PDBbind2020:5vgy:accepted,5vgy,PDBbind2020,accepted,accepted,/public/share/yanjianbin/liuyugeng/PLDB/PDBbind2020_process/5vgy/5vgy_protein_clean_single_chain.pdb,/public/share/yanjianbin/liuyugeng/PLDB/PDBbind2020_process/5vgy/5vgy_pocket_clean_single_chain.pdb,80
protein_group_000001,PDBbind2020:5wex:accepted,5wex,PDBbind2020,accepted,accepted,/public/share/yanjianbin/liuyugeng/PLDB/PDBbind2020_process/5wex/5wex_protein_clean_single_chain.pdb,/public/share/yanjianbin/liuyugeng/PLDB/PDBbind2020_process/5wex/5wex_pocket_clean_single_chain.pdb,78
protein_group_000001,PDBbind2020:5wlt:accepted,5wlt,PDBbind2020,accepted,accepted,/public/share/yanjianbin/liuyugeng/PLDB/PDBbind2020_process/5wlt/5wlt_protein_clean_single_chain.pdb,/public/share/yanjianbin/liuyugeng/PLDB/PDBbind2020_process/5wlt/5wlt_pocket_clean_single_chain.pdb,76
protein_group_000001,PDBbind2020:5wlv:accepted,5wlv,PDBbind2020,accepted,accepted,/public/share/yanjianbin/liuyugeng/PLDB/PDBbind2020_process/5wlv/5wlv_protein_clean_single_chain.pdb,/public/share/yanjianbin/liuyugeng/PLDB/PDBbind2020_process/5wlv/5wlv_pocket_clean_single_chain.pdb,79
protein_group_000001,PDBbind2020:6b4d:accepted,6b4d,PDBbind2020,accepted,accepted,/public/share/yanjianbin/liuyugeng/PLDB/PDBbind2020_process/6b4d/6b4d_protein_clean_single_chain.pdb,/public/share/yanjianbin/liuyugeng/PLDB/PDBbind2020_process/6b4d/6b4d_pocket_clean_single_chain.pdb,71
protein_group_000001,PDBbind2020:6b59:accepted,6b59,PDBbind2020,accepted,accepted,/public/share/yanjianbin/liuyugeng/PLDB/PDBbind2020_process/6b59/6b59_protein_clean_single_chain.pdb,/public/share/yanjianbin/liuyugeng/PLDB/PDBbind2020_process/6b59/6b59_pocket_clean_single_chain.pdb,77
protein_group_000001,PDBbind2020:6bbs:accepted,6bbs,PDBbind2020,accepted,accepted,/public/share/yanjianbin/liuyugeng/PLDB/PDBbind2020_process/6bbs/6bbs_protein_clean_single_chain.pdb,/public/share/yanjianbin/liuyugeng/PLDB/PDBbind2020_process/6bbs/6bbs_pocket_clean_single_chain.pdb,78
protein_group_000001,PDBbind2020:6bc9:accepted,6bc9,PDBbind2020,accepted,accepted,/public/share/yanjianbin/liuyugeng/PLDB/PDBbind2020_process/6bc9/6bc9_protein_clean_single_chain.pdb,/public/share/yanjianbin/liuyugeng/PLDB/PDBbind2020_process/6bc9/6bc9_pocket_clean_single_chain.pdb,83
protein_group_000001,PDBbind2020:6c7w:accepted,6c7w,PDBbind2020,accepted,accepted,/public/share/yanjianbin/liuyugeng/PLDB/PDBbind2020_process/6c7w/6c7w_protein_clean_single_chain.pdb,/public/share/yanjianbin/liuyugeng/PLDB/PDBbind2020_process/6c7w/6c7w_pocket_clean_single_chain.pdb,81
protein_group_000001,PDBbind2020:6c7x:accepted,6c7x,PDBbind2020,accepted,accepted,/public/share/yanjianbin/liuyugeng/PLDB/PDBbind2020_process/6c7x/6c7x_protein_clean_single_chain.pdb,/public/share/yanjianbin/liuyugeng/PLDB/PDBbind2020_process/6c7x/6c7x_pocket_clean_single_chain.pdb,82
protein_group_000001,PDBbind2020:6ceh:accepted,6ceh,PDBbind2020,accepted,accepted,/public/share/yanjianbin/liuyugeng/PLDB/PDBbind2020_process/6ceh/6ceh_protein_clean_single_chain.pdb,/public/share/yanjianbin/liuyugeng/PLDB/PDBbind2020_process/6ceh/6ceh_pocket_clean_single_chain.pdb,75
protein_group_000001,PDBbind2020:6d1m:accepted,6d1m,PDBbind2020,accepted,accepted,/public/share/yanjianbin/liuyugeng/PLDB/PDBbind2020_process/6d1m/6d1m_protein_clean_single_chain.pdb,/public/share/yanjianbin/liuyugeng/PLDB/PDBbind2020_process/6d1m/6d1m_pocket_clean_single_chain.pdb,75
protein_group_000001,PDBbind2020:6d1l:accepted,6d1l,PDBbind2020,accepted,accepted,/public/share/yanjianbin/liuyugeng/PLDB/PDBbind2020_process/6d1l/6d1l_protein_clean_single_chain.pdb,/public/share/yanjianbin/liuyugeng/PLDB/PDBbind2020_process/6d1l/6d1l_pocket_clean_single_chain.pdb,75
protein_group_000001,PDBbind2020:6ebe:accepted,6ebe,PDBbind2020,accepted,accepted,/public/share/yanjianbin/liuyugeng/PLDB/PDBbind2020_process/6ebe/6ebe_protein_clean_single_chain.pdb,/public/share/yanjianbin/liuyugeng/PLDB/PDBbind2020_process/6ebe/6ebe_pocket_clean_single_chain.pdb,84
protein_group_000001,PDBbind2020:6eda:accepted,6eda,PDBbind2020,accepted,accepted,/public/share/yanjianbin/liuyugeng/PLDB/PDBbind2020_process/6eda/6eda_protein_clean_single_chain.pdb,/public/share/yanjianbin/liuyugeng/PLDB/PDBbind2020_process/6eda/6eda_pocket_clean_single_chain.pdb,84
protein_group_000001,PDBbind2020:6ecz:accepted,6ecz,PDBbind2020,accepted,accepted,/public/share/yanjianbin/liuyugeng/PLDB/PDBbind2020_process/6ecz/6ecz_protein_clean_single_chain.pdb,/public/share/yanjianbin/liuyugeng/PLDB/PDBbind2020_process/6ecz/6ecz_pocket_clean_single_chain.pdb,80
protein_group_000001,PDBbind2020:6equ:accepted,6equ,PDBbind2020,accepted,accepted,/public/share/yanjianbin/liuyugeng/PLDB/PDBbind2020_process/6equ/6equ_protein_clean_single_chain.pdb,/public/share/yanjianbin/liuyugeng/PLDB/PDBbind2020_process/6equ/6equ_pocket_clean_single_chain.pdb,89
protein_group_000001,PDBbind2020:6g3q:accepted,6g3q,PDBbind2020,accepted,accepted,/public/share/yanjianbin/liuyugeng/PLDB/PDBbind2020_process/6g3q/6g3q_protein_clean_single_chain.pdb,/public/share/yanjianbin/liuyugeng/PLDB/PDBbind2020_process/6g3q/6g3q_pocket_clean_single_chain.pdb,75
protein_group_000001,PDBbind2020:6g6t:accepted,6g6t,PDBbind2020,accepted,accepted,/public/share/yanjianbin/liuyugeng/PLDB/PDBbind2020_process/6g6t/6g6t_protein_clean_single_chain.pdb,/public/share/yanjianbin/liuyugeng/PLDB/PDBbind2020_process/6g6t/6g6t_pocket_clean_single_chain.pdb,79
protein_group_000001,PDBbind2020:6got:accepted,6got,PDBbind2020,accepted,accepted,/public/share/yanjianbin/liuyugeng/PLDB/PDBbind2020_process/6got/6got_protein_clean_single_chain.pdb,/public/share/yanjianbin/liuyugeng/PLDB/PDBbind2020_process/6got/6got_pocket_clean_single_chain.pdb,74
protein_group_000001,PDBbind2020:6h29:accepted,6h29,PDBbind2020,accepted,accepted,/public/share/yanjianbin/liuyugeng/PLDB/PDBbind2020_process/6h29/6h29_protein_clean_single_chain.pdb,/public/share/yanjianbin/liuyugeng/PLDB/PDBbind2020_process/6h29/6h29_pocket_clean_single_chain.pdb,78
protein_group_000001,PDBbind2020:6h33:accepted,6h33,PDBbind2020,accepted,accepted,/public/share/yanjianbin/liuyugeng/PLDB/PDBbind2020_process/6h33/6h33_protein_clean_single_chain.pdb,/public/share/yanjianbin/liuyugeng/PLDB/PDBbind2020_process/6h33/6h33_pocket_clean_single_chain.pdb,77
protein_group_000001,PDBbind2020:6h34:accepted,6h34,PDBbind2020,accepted,accepted,/public/share/yanjianbin/liuyugeng/PLDB/PDBbind2020_process/6h34/6h34_protein_clean_single_chain.pdb,/public/share/yanjianbin/liuyugeng/PLDB/PDBbind2020_process/6h34/6h34_pocket_clean_single_chain.pdb,85
protein_group_000001,PDBbind2020:6h2z:accepted,6h2z,PDBbind2020,accepted,accepted,/public/share/yanjianbin/liuyugeng/PLDB/PDBbind2020_process/6h2z/6h2z_protein_clean_single_chain.pdb,/public/share/yanjianbin/liuyugeng/PLDB/PDBbind2020_process/6h2z/6h2z_pocket_clean_single_chain.pdb,77
protein_group_000001,PDBbind2020:6h3q:accepted,6h3q,PDBbind2020,accepted,accepted,/public/share/yanjianbin/liuyugeng/PLDB/PDBbind2020_process/6h3q/6h3q_protein_clean_single_chain.pdb,/public/share/yanjianbin/liuyugeng/PLDB/PDBbind2020_process/6h3q/6h3q_pocket_clean_single_chain.pdb,77
protein_group_000001,PDBbind2020:6hx5:accepted,6hx5,PDBbind2020,accepted,accepted,/public/share/yanjianbin/liuyugeng/PLDB/PDBbind2020_process/6hx5/6hx5_protein_clean_single_chain.pdb,/public/share/yanjianbin/liuyugeng/PLDB/PDBbind2020_process/6hx5/6hx5_pocket_clean_single_chain.pdb,67
protein_group_000001,PDBbind2020:6hzx:accepted,6hzx,PDBbind2020,accepted,accepted,/public/share/yanjianbin/liuyugeng/PLDB/PDBbind2020_process/6hzx/6hzx_protein_clean_single_chain.pdb,/public/share/yanjianbin/liuyugeng/PLDB/PDBbind2020_process/6hzx/6hzx_pocket_clean_single_chain.pdb,85
protein_group_000001,PDBbind2020:6ic2:accepted,6ic2,PDBbind2020,accepted,accepted,/public/share/yanjianbin/liuyugeng/PLDB/PDBbind2020_process/6ic2/6ic2_protein_clean_single_chain.pdb,/public/share/yanjianbin/liuyugeng/PLDB/PDBbind2020_process/6ic2/6ic2_pocket_clean_single_chain.pdb,76
protein_group_000001,PDBbind2020:6oe0:accepted,6oe0,PDBbind2020,accepted,accepted,/public/share/yanjianbin/liuyugeng/PLDB/PDBbind2020_process/6oe0/6oe0_protein_clean_single_chain.pdb,/public/share/yanjianbin/liuyugeng/PLDB/PDBbind2020_process/6oe0/6oe0_pocket_clean_single_chain.pdb,84
protein_group_000001,PDBbind2020:6odz:accepted,6odz,PDBbind2020,accepted,accepted,/public/share/yanjianbin/liuyugeng/PLDB/PDBbind2020_process/6odz/6odz_protein_clean_single_chain.pdb,/public/share/yanjianbin/liuyugeng/PLDB/PDBbind2020_process/6odz/6odz_pocket_clean_single_chain.pdb,79
protein_group_000001,PDBbind2020:6oe1:accepted,6oe1,PDBbind2020,accepted,accepted,/public/share/yanjianbin/liuyugeng/PLDB/PDBbind2020_process/6oe1/6oe1_protein_clean_single_chain.pdb,/public/share/yanjianbin/liuyugeng/PLDB/PDBbind2020_process/6oe1/6oe1_pocket_clean_single_chain.pdb,79
protein_group_000001,PDBbind2020:6pgx:accepted,6pgx,PDBbind2020,accepted,accepted,/public/share/yanjianbin/liuyugeng/PLDB/PDBbind2020_process/6pgx/6pgx_protein_clean_single_chain.pdb,/public/share/yanjianbin/liuyugeng/PLDB/PDBbind2020_process/6pgx/6pgx_pocket_clean_single_chain.pdb,79
protein_group_000001,PDBbind2020:6q9t:accepted,6q9t,PDBbind2020,accepted,accepted,/public/share/yanjianbin/liuyugeng/PLDB/PDBbind2020_process/6q9t/6q9t_protein_clean_single_chain.pdb,/public/share/yanjianbin/liuyugeng/PLDB/PDBbind2020_process/6q9t/6q9t_pocket_clean_single_chain.pdb,84
protein_group_000001,PDBbind2020:6qfu:accepted,6qfu,PDBbind2020,accepted,accepted,/public/share/yanjianbin/liuyugeng/PLDB/PDBbind2020_process/6qfu/6qfu_protein_clean_single_chain.pdb,/public/share/yanjianbin/liuyugeng/PLDB/PDBbind2020_process/6qfu/6qfu_pocket_clean_single_chain.pdb,78
protein_group_000001,PDBbind2020:6qfw:accepted,6qfw,PDBbind2020,accepted,accepted,/public/share/yanjianbin/liuyugeng/PLDB/PDBbind2020_process/6qfw/6qfw_protein_clean_single_chain.pdb,/public/share/yanjianbin/liuyugeng/PLDB/PDBbind2020_process/6qfw/6qfw_pocket_clean_single_chain.pdb,82
protein_group_000001,PDBbind2020:6qfv:accepted,6qfv,PDBbind2020,accepted,accepted,/public/share/yanjianbin/liuyugeng/PLDB/PDBbind2020_process/6qfv/6qfv_protein_clean_single_chain.pdb,/public/share/yanjianbin/liuyugeng/PLDB/PDBbind2020_process/6qfv/6qfv_pocket_clean_single_chain.pdb,84
protein_group_000001,PDBbind2020:6qfx:accepted,6qfx,PDBbind2020,accepted,accepted,/public/share/yanjianbin/liuyugeng/PLDB/PDBbind2020_process/6qfx/6qfx_protein_clean_single_chain.pdb,/public/share/yanjianbin/liuyugeng/PLDB/PDBbind2020_process/6qfx/6qfx_pocket_clean_single_chain.pdb,83
protein_group_000001,PDBbind2020:6rvk:accepted,6rvk,PDBbind2020,accepted,accepted,/public/share/yanjianbin/liuyugeng/PLDB/PDBbind2020_process/6rvk/6rvk_protein_clean_single_chain.pdb,/public/share/yanjianbin/liuyugeng/PLDB/PDBbind2020_process/6rvk/6rvk_pocket_clean_single_chain.pdb,80
protein_group_000001,PDBbind2020:6rvl:accepted,6rvl,PDBbind2020,accepted,accepted,/public/share/yanjianbin/liuyugeng/PLDB/PDBbind2020_process/6rvl/6rvl_protein_clean_single_chain.pdb,/public/share/yanjianbin/liuyugeng/PLDB/PDBbind2020_process/6rvl/6rvl_pocket_clean_single_chain.pdb,83
protein_group_000001,PDBbind2020:6rw1:accepted,6rw1,PDBbind2020,accepted,accepted,/public/share/yanjianbin/liuyugeng/PLDB/PDBbind2020_process/6rw1/6rw1_protein_clean_single_chain.pdb,/public/share/yanjianbin/liuyugeng/PLDB/PDBbind2020_process/6rw1/6rw1_pocket_clean_single_chain.pdb,82
protein_group_000001,PDBbind2020:6rvf:accepted,6rvf,PDBbind2020,accepted,accepted,/public/share/yanjianbin/liuyugeng/PLDB/PDBbind2020_process/6rvf/6rvf_protein_clean_single_chain.pdb,/public/share/yanjianbin/liuyugeng/PLDB/PDBbind2020_process/6rvf/6rvf_pocket_clean_single_chain.pdb,78
protein_group_000001,PDBbind2020:6ugp:accepted,6ugp,PDBbind2020,accepted,accepted,/public/share/yanjianbin/liuyugeng/PLDB/PDBbind2020_process/6ugp/6ugp_protein_clean_single_chain.pdb,/public/share/yanjianbin/liuyugeng/PLDB/PDBbind2020_process/6ugp/6ugp_pocket_clean_single_chain.pdb,73
protein_group_000001,PDBbind2020:6ugr:accepted,6ugr,PDBbind2020,accepted,accepted,/public/share/yanjianbin/liuyugeng/PLDB/PDBbind2020_process/6ugr/6ugr_protein_clean_single_chain.pdb,/public/share/yanjianbin/liuyugeng/PLDB/PDBbind2020_process/6ugr/6ugr_pocket_clean_single_chain.pdb,75
protein_group_000001,PDBbind2020:6ugn:accepted,6ugn,PDBbind2020,accepted,accepted,/public/share/yanjianbin/liuyugeng/PLDB/PDBbind2020_process/6ugn/6ugn_protein_clean_single_chain.pdb,/public/share/yanjianbin/liuyugeng/PLDB/PDBbind2020_process/6ugn/6ugn_pocket_clean_single_chain.pdb,77
protein_group_000001,PDBbind2020:6uh0:accepted,6uh0,PDBbind2020,accepted,accepted,/public/share/yanjianbin/liuyugeng/PLDB/PDBbind2020_process/6uh0/6uh0_protein_clean_single_chain.pdb,/public/share/yanjianbin/liuyugeng/PLDB/PDBbind2020_process/6uh0/6uh0_pocket_clean_single_chain.pdb,75
protein_group_000001,scPDB:1a42_1:accepted,1a42_1,scPDB,accepted,accepted,/public/share/yanjianbin/liuyugeng/PLDB/scPDB_process/1a42_1/1a42_1_protein_clean_single_chain.pdb,/public/share/yanjianbin/liuyugeng/PLDB/scPDB_process/1a42_1/1a42_1_pocket_clean_single_chain.pdb,29
protein_group_000001,scPDB:1bn1_1:accepted,1bn1_1,scPDB,accepted,accepted,/public/share/yanjianbin/liuyugeng/PLDB/scPDB_process/1bn1_1/1bn1_1_protein_clean_single_chain.pdb,/public/share/yanjianbin/liuyugeng/PLDB/scPDB_process/1bn1_1/1bn1_1_pocket_clean_single_chain.pdb,26
protein_group_000001,scPDB:1bn3_1:accepted,1bn3_1,scPDB,accepted,accepted,/public/share/yanjianbin/liuyugeng/PLDB/scPDB_process/1bn3_1/1bn3_1_protein_clean_single_chain.pdb,/public/share/yanjianbin/liuyugeng/PLDB/scPDB_process/1bn3_1/1bn3_1_pocket_clean_single_chain.pdb,25
protein_group_000001,scPDB:1bn4_1:accepted,1bn4_1,scPDB,accepted,accepted,/public/share/yanjianbin/liuyugeng/PLDB/scPDB_process/1bn4_1/1bn4_1_protein_clean_single_chain.pdb,/public/share/yanjianbin/liuyugeng/PLDB/scPDB_process/1bn4_1/1bn4_1_pocket_clean_single_chain.pdb,26
protein_group_000001,scPDB:1bnm_1:accepted,1bnm_1,scPDB,accepted,accepted,/public/share/yanjianbin/liuyugeng/PLDB/scPDB_process/1bnm_1/1bnm_1_protein_clean_single_chain.pdb,/public/share/yanjianbin/liuyugeng/PLDB/scPDB_process/1bnm_1/1bnm_1_pocket_clean_single_chain.pdb,27
protein_group_000001,scPDB:1bnn_1:accepted,1bnn_1,scPDB,accepted,accepted,/public/share/yanjianbin/liuyugeng/PLDB/scPDB_process/1bnn_1/1bnn_1_protein_clean_single_chain.pdb,/public/share/yanjianbin/liuyugeng/PLDB/scPDB_process/1bnn_1/1bnn_1_pocket_clean_single_chain.pdb,26
protein_group_000001,scPDB:1bnt_1:accepted,1bnt_1,scPDB,accepted,accepted,/public/share/yanjianbin/liuyugeng/PLDB/scPDB_process/1bnt_1/1bnt_1_protein_clean_single_chain.pdb,/public/share/yanjianbin/liuyugeng/PLDB/scPDB_process/1bnt_1/1bnt_1_pocket_clean_single_chain.pdb,27
protein_group_000001,scPDB:1bnq_1:accepted,1bnq_1,scPDB,accepted,accepted,/public/share/yanjianbin/liuyugeng/PLDB/scPDB_process/1bnq_1/1bnq_1_protein_clean_single_chain.pdb,/public/share/yanjianbin/liuyugeng/PLDB/scPDB_process/1bnq_1/1bnq_1_pocket_clean_single_chain.pdb,29
protein_group_000001,scPDB:1bnw_1:accepted,1bnw_1,scPDB,accepted,accepted,/public/share/yanjianbin/liuyugeng/PLDB/scPDB_process/1bnw_1/1bnw_1_protein_clean_single_chain.pdb,/public/share/yanjianbin/liuyugeng/PLDB/scPDB_process/1bnw_1/1bnw_1_pocket_clean_single_chain.pdb,24
protein_group_000001,scPDB:1bnv_1:accepted,1bnv_1,scPDB,accepted,accepted,/public/share/yanjianbin/liuyugeng/PLDB/scPDB_process/1bnv_1/1bnv_1_protein_clean_single_chain.pdb,/public/share/yanjianbin/liuyugeng/PLDB/scPDB_process/1bnv_1/1bnv_1_pocket_clean_single_chain.pdb,25
protein_group_000001,scPDB:1bnu_1:accepted,1bnu_1,scPDB,accepted,accepted,/public/share/yanjianbin/liuyugeng/PLDB/scPDB_process/1bnu_1/1bnu_1_protein_clean_single_chain.pdb,/public/share/yanjianbin/liuyugeng/PLDB/scPDB_process/1bnu_1/1bnu_1_pocket_clean_single_chain.pdb,27
protein_group_000001,scPDB:1cil_1:accepted,1cil_1,scPDB,accepted,accepted,/public/share/yanjianbin/liuyugeng/PLDB/scPDB_process/1cil_1/1cil_1_protein_clean_single_chain.pdb,/public/share/yanjianbin/liuyugeng/PLDB/scPDB_process/1cil_1/1cil_1_pocket_clean_single_chain.pdb,27
protein_group_000001,scPDB:1cnw_1:accepted,1cnw_1,scPDB,accepted,accepted,/public/share/yanjianbin/liuyugeng/PLDB/scPDB_process/1cnw_1/1cnw_1_protein_clean_single_chain.pdb,/public/share/yanjianbin/liuyugeng/PLDB/scPDB_process/1cnw_1/1cnw_1_pocket_clean_single_chain.pdb,27
protein_group_000001,scPDB:1cny_1:accepted,1cny_1,scPDB,accepted,accepted,/public/share/yanjianbin/liuyugeng/PLDB/scPDB_process/1cny_1/1cny_1_protein_clean_single_chain.pdb,/public/share/yanjianbin/liuyugeng/PLDB/scPDB_process/1cny_1/1cny_1_pocket_clean_single_chain.pdb,25
protein_group_000001,scPDB:1cnx_1:accepted,1cnx_1,scPDB,accepted,accepted,/public/share/yanjianbin/liuyugeng/PLDB/scPDB_process/1cnx_1/1cnx_1_protein_clean_single_chain.pdb,/public/share/yanjianbin/liuyugeng/PLDB/scPDB_process/1cnx_1/1cnx_1_pocket_clean_single_chain.pdb,27
protein_group_000001,scPDB:1eou_1:accepted,1eou_1,scPDB,accepted,accepted,/public/share/yanjianbin/liuyugeng/PLDB/scPDB_process/1eou_1/1eou_1_protein_clean_single_chain.pdb,/public/share/yanjianbin/liuyugeng/PLDB/scPDB_process/1eou_1/1eou_1_pocket_clean_single_chain.pdb,30
protein_group_000001,scPDB:1g1d_1:accepted,1g1d_1,scPDB,accepted,accepted,/public/share/yanjianbin/liuyugeng/PLDB/scPDB_process/1g1d_1/1g1d_1_protein_clean_single_chain.pdb,/public/share/yanjianbin/liuyugeng/PLDB/scPDB_process/1g1d_1/1g1d_1_pocket_clean_single_chain.pdb,23
protein_group_000001,scPDB:1g54_1:accepted,1g54_1,scPDB,accepted,accepted,/public/share/yanjianbin/liuyugeng/PLDB/scPDB_process/1g54_1/1g54_1_protein_clean_single_chain.pdb,/public/share/yanjianbin/liuyugeng/PLDB/scPDB_process/1g54_1/1g54_1_pocket_clean_single_chain.pdb,25
protein_group_000001,scPDB:1g52_1:accepted,1g52_1,scPDB,accepted,accepted,/public/share/yanjianbin/liuyugeng/PLDB/scPDB_process/1g52_1/1g52_1_protein_clean_single_chain.pdb,/public/share/yanjianbin/liuyugeng/PLDB/scPDB_process/1g52_1/1g52_1_pocket_clean_single_chain.pdb,24
protein_group_000001,scPDB:1i90_1:accepted,1i90_1,scPDB,accepted,accepted,/public/share/yanjianbin/liuyugeng/PLDB/scPDB_process/1i90_1/1i90_1_protein_clean_single_chain.pdb,/public/share/yanjianbin/liuyugeng/PLDB/scPDB_process/1i90_1/1i90_1_pocket_clean_single_chain.pdb,27
protein_group_000001,scPDB:1i8z_1:accepted,1i8z_1,scPDB,accepted,accepted,/public/share/yanjianbin/liuyugeng/PLDB/scPDB_process/1i8z_1/1i8z_1_protein_clean_single_chain.pdb,/public/share/yanjianbin/liuyugeng/PLDB/scPDB_process/1i8z_1/1i8z_1_pocket_clean_single_chain.pdb,29
protein_group_000001,scPDB:1i91_1:accepted,1i91_1,scPDB,accepted,accepted,/public/share/yanjianbin/liuyugeng/PLDB/scPDB_process/1i91_1/1i91_1_protein_clean_single_chain.pdb,/public/share/yanjianbin/liuyugeng/PLDB/scPDB_process/1i91_1/1i91_1_pocket_clean_single_chain.pdb,25
protein_group_000001,scPDB:1if7_1:accepted,1if7_1,scPDB,accepted,accepted,/public/share/yanjianbin/liuyugeng/PLDB/scPDB_process/1if7_1/1if7_1_protein_clean_single_chain.pdb,/public/share/yanjianbin/liuyugeng/PLDB/scPDB_process/1if7_1/1if7_1_pocket_clean_single_chain.pdb,27
protein_group_000001,scPDB:1if4_1:accepted,1if4_1,scPDB,accepted,accepted,/public/share/yanjianbin/liuyugeng/PLDB/scPDB_process/1if4_1/1if4_1_protein_clean_single_chain.pdb,/public/share/yanjianbin/liuyugeng/PLDB/scPDB_process/1if4_1/1if4_1_pocket_clean_single_chain.pdb,19
protein_group_000001,scPDB:1if5_1:accepted,1if5_1,scPDB,accepted,accepted,/public/share/yanjianbin/liuyugeng/PLDB/scPDB_process/1if5_1/1if5_1_protein_clean_single_chain.pdb,/public/share/yanjianbin/liuyugeng/PLDB/scPDB_process/1if5_1/1if5_1_pocket_clean_single_chain.pdb,21
protein_group_000001,scPDB:1if6_1:accepted,1if6_1,scPDB,accepted,accepted,/public/share/yanjianbin/liuyugeng/PLDB/scPDB_process/1if6_1/1if6_1_protein_clean_single_chain.pdb,/public/share/yanjianbin/liuyugeng/PLDB/scPDB_process/1if6_1/1if6_1_pocket_clean_single_chain.pdb,22
protein_group_000001,scPDB:1if8_1:accepted,1if8_1,scPDB,accepted,accepted,/public/share/yanjianbin/liuyugeng/PLDB/scPDB_process/1if8_1/1if8_1_protein_clean_single_chain.pdb,/public/share/yanjianbin/liuyugeng/PLDB/scPDB_process/1if8_1/1if8_1_pocket_clean_single_chain.pdb,22
protein_group_000001,scPDB:1kwq_1:accepted,1kwq_1,scPDB,accepted,accepted,/public/share/yanjianbin/liuyugeng/PLDB/scPDB_process/1kwq_1/1kwq_1_protein_clean_single_chain.pdb,/public/share/yanjianbin/liuyugeng/PLDB/scPDB_process/1kwq_1/1kwq_1_pocket_clean_single_chain.pdb,23
protein_group_000001,scPDB:1kwr_1:accepted,1kwr_1,scPDB,accepted,accepted,/public/share/yanjianbin/liuyugeng/PLDB/scPDB_process/1kwr_1/1kwr_1_protein_clean_single_chain.pdb,/public/share/yanjianbin/liuyugeng/PLDB/scPDB_process/1kwr_1/1kwr_1_pocket_clean_single_chain.pdb,22
protein_group_000001,scPDB:1okm_1:accepted,1okm_1,scPDB,accepted,accepted,/public/share/yanjianbin/liuyugeng/PLDB/scPDB_process/1okm_1/1okm_1_protein_clean_single_chain.pdb,/public/share/yanjianbin/liuyugeng/PLDB/scPDB_process/1okm_1/1okm_1_pocket_clean_single_chain.pdb,22
protein_group_000001,scPDB:1okn_1:accepted,1okn_1,scPDB,accepted,accepted,/public/share/yanjianbin/liuyugeng/PLDB/scPDB_process/1okn_1/1okn_1_protein_clean_single_chain.pdb,/public/share/yanjianbin/liuyugeng/PLDB/scPDB_process/1okn_1/1okn_1_pocket_clean_single_chain.pdb,25
protein_group_000001,scPDB:1okl_1:accepted,1okl_1,scPDB,accepted,accepted,/public/share/yanjianbin/liuyugeng/PLDB/scPDB_process/1okl_1/1okl_1_protein_clean_single_chain.pdb,/public/share/yanjianbin/liuyugeng/PLDB/scPDB_process/1okl_1/1okl_1_pocket_clean_single_chain.pdb,24
protein_group_000001,scPDB:1oq5_1:accepted,1oq5_1,scPDB,accepted,accepted,/public/share/yanjianbin/liuyugeng/PLDB/scPDB_process/1oq5_1/1oq5_1_protein_clean_single_chain.pdb,/public/share/yanjianbin/liuyugeng/PLDB/scPDB_process/1oq5_1/1oq5_1_pocket_clean_single_chain.pdb,32
protein_group_000001,scPDB:1ttm_1:accepted,1ttm_1,scPDB,accepted,accepted,/public/share/yanjianbin/liuyugeng/PLDB/scPDB_process/1ttm_1/1ttm_1_protein_clean_single_chain.pdb,/public/share/yanjianbin/liuyugeng/PLDB/scPDB_process/1ttm_1/1ttm_1_pocket_clean_single_chain.pdb,23
protein_group_000001,scPDB:1xpz_1:accepted,1xpz_1,scPDB,accepted,accepted,/public/share/yanjianbin/liuyugeng/PLDB/scPDB_process/1xpz_1/1xpz_1_protein_clean_single_chain.pdb,/public/share/yanjianbin/liuyugeng/PLDB/scPDB_process/1xpz_1/1xpz_1_pocket_clean_single_chain.pdb,28
protein_group_000001,scPDB:1xq0_1:accepted,1xq0_1,scPDB,accepted,accepted,/public/share/yanjianbin/liuyugeng/PLDB/scPDB_process/1xq0_1/1xq0_1_protein_clean_single_chain.pdb,/public/share/yanjianbin/liuyugeng/PLDB/scPDB_process/1xq0_1/1xq0_1_pocket_clean_single_chain.pdb,27
protein_group_000001,scPDB:2eu3_1:accepted,2eu3_1,scPDB,accepted,accepted,/public/share/yanjianbin/liuyugeng/PLDB/scPDB_process/2eu3_1/2eu3_1_protein_clean_single_chain.pdb,/public/share/yanjianbin/liuyugeng/PLDB/scPDB_process/2eu3_1/2eu3_1_pocket_clean_single_chain.pdb,27
protein_group_000001,scPDB:2h15_1:accepted,2h15_1,scPDB,accepted,accepted,/public/share/yanjianbin/liuyugeng/PLDB/scPDB_process/2h15_1/2h15_1_protein_clean_single_chain.pdb,/public/share/yanjianbin/liuyugeng/PLDB/scPDB_process/2h15_1/2h15_1_pocket_clean_single_chain.pdb,29
protein_group_000001,scPDB:2o4z_1:accepted,2o4z_1,scPDB,accepted,accepted,/public/share/yanjianbin/liuyugeng/PLDB/scPDB_process/2o4z_1/2o4z_1_protein_clean_single_chain.pdb,/public/share/yanjianbin/liuyugeng/PLDB/scPDB_process/2o4z_1/2o4z_1_pocket_clean_single_chain.pdb,17
protein_group_000001,scPDB:2osf_1:accepted,2osf_1,scPDB,accepted,accepted,/public/share/yanjianbin/liuyugeng/PLDB/scPDB_process/2osf_1/2osf_1_protein_clean_single_chain.pdb,/public/share/yanjianbin/liuyugeng/PLDB/scPDB_process/2osf_1/2osf_1_pocket_clean_single_chain.pdb,20
protein_group_000001,scPDB:2osm_1:accepted,2osm_1,scPDB,accepted,accepted,/public/share/yanjianbin/liuyugeng/PLDB/scPDB_process/2osm_1/2osm_1_protein_clean_single_chain.pdb,/public/share/yanjianbin/liuyugeng/PLDB/scPDB_process/2osm_1/2osm_1_pocket_clean_single_chain.pdb,16
protein_group_000001,scPDB:2pow_1:accepted,2pow_1,scPDB,accepted,accepted,/public/share/yanjianbin/liuyugeng/PLDB/scPDB_process/2pow_1/2pow_1_protein_clean_single_chain.pdb,/public/share/yanjianbin/liuyugeng/PLDB/scPDB_process/2pow_1/2pow_1_pocket_clean_single_chain.pdb,28
protein_group_000001,scPDB:2q1q_1:accepted,2q1q_1,scPDB,accepted,accepted,/public/share/yanjianbin/liuyugeng/PLDB/scPDB_process/2q1q_1/2q1q_1_protein_clean_single_chain.pdb,/public/share/yanjianbin/liuyugeng/PLDB/scPDB_process/2q1q_1/2q1q_1_pocket_clean_single_chain.pdb,24
protein_group_000001,scPDB:2weh_1:accepted,2weh_1,scPDB,accepted,accepted,/public/share/yanjianbin/liuyugeng/PLDB/scPDB_process/2weh_1/2weh_1_protein_clean_single_chain.pdb,/public/share/yanjianbin/liuyugeng/PLDB/scPDB_process/2weh_1/2weh_1_pocket_clean_single_chain.pdb,23
protein_group_000001,scPDB:2weg_1:accepted,2weg_1,scPDB,accepted,accepted,/public/share/yanjianbin/liuyugeng/PLDB/scPDB_process/2weg_1/2weg_1_protein_clean_single_chain.pdb,/public/share/yanjianbin/liuyugeng/PLDB/scPDB_process/2weg_1/2weg_1_pocket_clean_single_chain.pdb,21
protein_group_000001,scPDB:2wej_1:accepted,2wej_1,scPDB,accepted,accepted,/public/share/yanjianbin/liuyugeng/PLDB/scPDB_process/2wej_1/2wej_1_protein_clean_single_chain.pdb,/public/share/yanjianbin/liuyugeng/PLDB/scPDB_process/2wej_1/2wej_1_pocket_clean_single_chain.pdb,19
protein_group_000001,scPDB:2weo_1:accepted,2weo_1,scPDB,accepted,accepted,/public/share/yanjianbin/liuyugeng/PLDB/scPDB_process/2weo_1/2weo_1_protein_clean_single_chain.pdb,/public/share/yanjianbin/liuyugeng/PLDB/scPDB_process/2weo_1/2weo_1_pocket_clean_single_chain.pdb,22
protein_group_000001,scPDB:2x7t_1:accepted,2x7t_1,scPDB,accepted,accepted,/public/share/yanjianbin/liuyugeng/PLDB/scPDB_process/2x7t_1/2x7t_1_protein_clean_single_chain.pdb,/public/share/yanjianbin/liuyugeng/PLDB/scPDB_process/2x7t_1/2x7t_1_pocket_clean_single_chain.pdb,28
protein_group_000001,scPDB:2x7u_1:accepted,2x7u_1,scPDB,accepted,accepted,/public/share/yanjianbin/liuyugeng/PLDB/scPDB_process/2x7u_1/2x7u_1_protein_clean_single_chain.pdb,/public/share/yanjianbin/liuyugeng/PLDB/scPDB_process/2x7u_1/2x7u_1_pocket_clean_single_chain.pdb,25
protein_group_000001,scPDB:3b4f_1:accepted,3b4f_1,scPDB,accepted,accepted,/public/share/yanjianbin/liuyugeng/PLDB/scPDB_process/3b4f_1/3b4f_1_protein_clean_single_chain.pdb,/public/share/yanjianbin/liuyugeng/PLDB/scPDB_process/3b4f_1/3b4f_1_pocket_clean_single_chain.pdb,28
protein_group_000001,scPDB:3bet_1:accepted,3bet_1,scPDB,accepted,accepted,/public/share/yanjianbin/liuyugeng/PLDB/scPDB_process/3bet_1/3bet_1_protein_clean_single_chain.pdb,/public/share/yanjianbin/liuyugeng/PLDB/scPDB_process/3bet_1/3bet_1_pocket_clean_single_chain.pdb,26
protein_group_000001,scPDB:3bl1_1:accepted,3bl1_1,scPDB,accepted,accepted,/public/share/yanjianbin/liuyugeng/PLDB/scPDB_process/3bl1_1/3bl1_1_protein_clean_single_chain.pdb,/public/share/yanjianbin/liuyugeng/PLDB/scPDB_process/3bl1_1/3bl1_1_pocket_clean_single_chain.pdb,28
protein_group_000001,scPDB:3d8w_1:accepted,3d8w_1,scPDB,accepted,accepted,/public/share/yanjianbin/liuyugeng/PLDB/scPDB_process/3d8w_1/3d8w_1_protein_clean_single_chain.pdb,/public/share/yanjianbin/liuyugeng/PLDB/scPDB_process/3d8w_1/3d8w_1_pocket_clean_single_chain.pdb,25
protein_group_000001,scPDB:3d9z_1:accepted,3d9z_1,scPDB,accepted,accepted,/public/share/yanjianbin/liuyugeng/PLDB/scPDB_process/3d9z_1/3d9z_1_protein_clean_single_chain.pdb,/public/share/yanjianbin/liuyugeng/PLDB/scPDB_process/3d9z_1/3d9z_1_pocket_clean_single_chain.pdb,23
protein_group_000001,scPDB:3daz_1:accepted,3daz_1,scPDB,accepted,accepted,/public/share/yanjianbin/liuyugeng/PLDB/scPDB_process/3daz_1/3daz_1_protein_clean_single_chain.pdb,/public/share/yanjianbin/liuyugeng/PLDB/scPDB_process/3daz_1/3daz_1_pocket_clean_single_chain.pdb,21
protein_group_000001,scPDB:3dd8_1:accepted,3dd8_1,scPDB,accepted,accepted,/public/share/yanjianbin/liuyugeng/PLDB/scPDB_process/3dd8_1/3dd8_1_protein_clean_single_chain.pdb,/public/share/yanjianbin/liuyugeng/PLDB/scPDB_process/3dd8_1/3dd8_1_pocket_clean_single_chain.pdb,26
protein_group_000001,scPDB:3dd0_1:accepted,3dd0_1,scPDB,accepted,accepted,/public/share/yanjianbin/liuyugeng/PLDB/scPDB_process/3dd0_1/3dd0_1_protein_clean_single_chain.pdb,/public/share/yanjianbin/liuyugeng/PLDB/scPDB_process/3dd0_1/3dd0_1_pocket_clean_single_chain.pdb,24
protein_group_000001,scPDB:3eft_1:accepted,3eft_1,scPDB,accepted,accepted,/public/share/yanjianbin/liuyugeng/PLDB/scPDB_process/3eft_1/3eft_1_protein_clean_single_chain.pdb,/public/share/yanjianbin/liuyugeng/PLDB/scPDB_process/3eft_1/3eft_1_pocket_clean_single_chain.pdb,24
protein_group_000001,scPDB:3f4x_1:accepted,3f4x_1,scPDB,accepted,accepted,/public/share/yanjianbin/liuyugeng/PLDB/scPDB_process/3f4x_1/3f4x_1_protein_clean_single_chain.pdb,/public/share/yanjianbin/liuyugeng/PLDB/scPDB_process/3f4x_1/3f4x_1_pocket_clean_single_chain.pdb,27
protein_group_000001,scPDB:3ffp_1:accepted,3ffp_1,scPDB,accepted,accepted,/public/share/yanjianbin/liuyugeng/PLDB/scPDB_process/3ffp_1/3ffp_1_protein_clean_single_chain.pdb,/public/share/yanjianbin/liuyugeng/PLDB/scPDB_process/3ffp_1/3ffp_1_pocket_clean_single_chain.pdb,22
protein_group_000001,scPDB:3hku_1:accepted,3hku_1,scPDB,accepted,accepted,/public/share/yanjianbin/liuyugeng/PLDB/scPDB_process/3hku_1/3hku_1_protein_clean_single_chain.pdb,/public/share/yanjianbin/liuyugeng/PLDB/scPDB_process/3hku_1/3hku_1_pocket_clean_single_chain.pdb,31
protein_group_000001,scPDB:3igp_1:accepted,3igp_1,scPDB,accepted,accepted,/public/share/yanjianbin/liuyugeng/PLDB/scPDB_process/3igp_1/3igp_1_protein_clean_single_chain.pdb,/public/share/yanjianbin/liuyugeng/PLDB/scPDB_process/3igp_1/3igp_1_pocket_clean_single_chain.pdb,24
protein_group_000001,scPDB:3k2f_1:accepted,3k2f_1,scPDB,accepted,accepted,/public/share/yanjianbin/liuyugeng/PLDB/scPDB_process/3k2f_1/3k2f_1_protein_clean_single_chain.pdb,/public/share/yanjianbin/liuyugeng/PLDB/scPDB_process/3k2f_1/3k2f_1_pocket_clean_single_chain.pdb,34
protein_group_000001,scPDB:3l14_1:accepted,3l14_1,scPDB,accepted,accepted,/public/share/yanjianbin/liuyugeng/PLDB/scPDB_process/3l14_1/3l14_1_protein_clean_single_chain.pdb,/public/share/yanjianbin/liuyugeng/PLDB/scPDB_process/3l14_1/3l14_1_pocket_clean_single_chain.pdb,28
protein_group_000001,scPDB:3m2n_1:accepted,3m2n_1,scPDB,accepted,accepted,/public/share/yanjianbin/liuyugeng/PLDB/scPDB_process/3m2n_1/3m2n_1_protein_clean_single_chain.pdb,/public/share/yanjianbin/liuyugeng/PLDB/scPDB_process/3m2n_1/3m2n_1_pocket_clean_single_chain.pdb,22
protein_group_000001,scPDB:3m2y_2:accepted,3m2y_2,scPDB,accepted,accepted,/public/share/yanjianbin/liuyugeng/PLDB/scPDB_process/3m2y_2/3m2y_2_protein_clean_single_chain.pdb,/public/share/yanjianbin/liuyugeng/PLDB/scPDB_process/3m2y_2/3m2y_2_pocket_clean_single_chain.pdb,20
protein_group_000001,scPDB:3m40_1:accepted,3m40_1,scPDB,accepted,accepted,/public/share/yanjianbin/liuyugeng/PLDB/scPDB_process/3m40_1/3m40_1_protein_clean_single_chain.pdb,/public/share/yanjianbin/liuyugeng/PLDB/scPDB_process/3m40_1/3m40_1_pocket_clean_single_chain.pdb,25
protein_group_000001,scPDB:3m5e_1:accepted,3m5e_1,scPDB,accepted,accepted,/public/share/yanjianbin/liuyugeng/PLDB/scPDB_process/3m5e_1/3m5e_1_protein_clean_single_chain.pdb,/public/share/yanjianbin/liuyugeng/PLDB/scPDB_process/3m5e_1/3m5e_1_pocket_clean_single_chain.pdb,24
protein_group_000001,scPDB:3m67_1:accepted,3m67_1,scPDB,accepted,accepted,/public/share/yanjianbin/liuyugeng/PLDB/scPDB_process/3m67_1/3m67_1_protein_clean_single_chain.pdb,/public/share/yanjianbin/liuyugeng/PLDB/scPDB_process/3m67_1/3m67_1_pocket_clean_single_chain.pdb,30
protein_group_000001,scPDB:3m98_1:accepted,3m98_1,scPDB,accepted,accepted,/public/share/yanjianbin/liuyugeng/PLDB/scPDB_process/3m98_1/3m98_1_protein_clean_single_chain.pdb,/public/share/yanjianbin/liuyugeng/PLDB/scPDB_process/3m98_1/3m98_1_pocket_clean_single_chain.pdb,29
protein_group_000001,scPDB:3m96_1:accepted,3m96_1,scPDB,accepted,accepted,/public/share/yanjianbin/liuyugeng/PLDB/scPDB_process/3m96_1/3m96_1_protein_clean_single_chain.pdb,/public/share/yanjianbin/liuyugeng/PLDB/scPDB_process/3m96_1/3m96_1_pocket_clean_single_chain.pdb,31
protein_group_000001,scPDB:3mhc_1:accepted,3mhc_1,scPDB,accepted,accepted,/public/share/yanjianbin/liuyugeng/PLDB/scPDB_process/3mhc_1/3mhc_1_protein_clean_single_chain.pdb,/public/share/yanjianbin/liuyugeng/PLDB/scPDB_process/3mhc_1/3mhc_1_pocket_clean_single_chain.pdb,26
protein_group_000001,scPDB:3mhi_1:accepted,3mhi_1,scPDB,accepted,accepted,/public/share/yanjianbin/liuyugeng/PLDB/scPDB_process/3mhi_1/3mhi_1_protein_clean_single_chain.pdb,/public/share/yanjianbin/liuyugeng/PLDB/scPDB_process/3mhi_1/3mhi_1_pocket_clean_single_chain.pdb,23
protein_group_000001,scPDB:3mho_1:accepted,3mho_1,scPDB,accepted,accepted,/public/share/yanjianbin/liuyugeng/PLDB/scPDB_process/3mho_1/3mho_1_protein_clean_single_chain.pdb,/public/share/yanjianbin/liuyugeng/PLDB/scPDB_process/3mho_1/3mho_1_pocket_clean_single_chain.pdb,28
protein_group_000001,scPDB:3mhl_1:accepted,3mhl_1,scPDB,accepted,accepted,/public/share/yanjianbin/liuyugeng/PLDB/scPDB_process/3mhl_1/3mhl_1_protein_clean_single_chain.pdb,/public/share/yanjianbin/liuyugeng/PLDB/scPDB_process/3mhl_1/3mhl_1_pocket_clean_single_chain.pdb,28
protein_group_000001,scPDB:3ml2_1:accepted,3ml2_1,scPDB,accepted,accepted,/public/share/yanjianbin/liuyugeng/PLDB/scPDB_process/3ml2_1/3ml2_1_protein_clean_single_chain.pdb,/public/share/yanjianbin/liuyugeng/PLDB/scPDB_process/3ml2_1/3ml2_1_pocket_clean_single_chain.pdb,27
protein_group_000001,scPDB:3mmf_1:accepted,3mmf_1,scPDB,accepted,accepted,/public/share/yanjianbin/liuyugeng/PLDB/scPDB_process/3mmf_1/3mmf_1_protein_clean_single_chain.pdb,/public/share/yanjianbin/liuyugeng/PLDB/scPDB_process/3mmf_1/3mmf_1_pocket_clean_single_chain.pdb,22
protein_group_000001,scPDB:3mna_1:accepted,3mna_1,scPDB,accepted,accepted,/public/share/yanjianbin/liuyugeng/PLDB/scPDB_process/3mna_1/3mna_1_protein_clean_single_chain.pdb,/public/share/yanjianbin/liuyugeng/PLDB/scPDB_process/3mna_1/3mna_1_pocket_clean_single_chain.pdb,24
protein_group_000001,scPDB:3myq_1:accepted,3myq_1,scPDB,accepted,accepted,/public/share/yanjianbin/liuyugeng/PLDB/scPDB_process/3myq_1/3myq_1_protein_clean_single_chain.pdb,/public/share/yanjianbin/liuyugeng/PLDB/scPDB_process/3myq_1/3myq_1_pocket_clean_single_chain.pdb,32
protein_group_000001,scPDB:3mzc_1:accepted,3mzc_1,scPDB,accepted,accepted,/public/share/yanjianbin/liuyugeng/PLDB/scPDB_process/3mzc_1/3mzc_1_protein_clean_single_chain.pdb,/public/share/yanjianbin/liuyugeng/PLDB/scPDB_process/3mzc_1/3mzc_1_pocket_clean_single_chain.pdb,23
protein_group_000001,scPDB:3n0n_1:accepted,3n0n_1,scPDB,accepted,accepted,/public/share/yanjianbin/liuyugeng/PLDB/scPDB_process/3n0n_1/3n0n_1_protein_clean_single_chain.pdb,/public/share/yanjianbin/liuyugeng/PLDB/scPDB_process/3n0n_1/3n0n_1_pocket_clean_single_chain.pdb,25
protein_group_000001,scPDB:3n2p_1:accepted,3n2p_1,scPDB,accepted,accepted,/public/share/yanjianbin/liuyugeng/PLDB/scPDB_process/3n2p_1/3n2p_1_protein_clean_single_chain.pdb,/public/share/yanjianbin/liuyugeng/PLDB/scPDB_process/3n2p_1/3n2p_1_pocket_clean_single_chain.pdb,28
protein_group_000001,scPDB:3n3j_1:accepted,3n3j_1,scPDB,accepted,accepted,/public/share/yanjianbin/liuyugeng/PLDB/scPDB_process/3n3j_1/3n3j_1_protein_clean_single_chain.pdb,/public/share/yanjianbin/liuyugeng/PLDB/scPDB_process/3n3j_1/3n3j_1_pocket_clean_single_chain.pdb,25
protein_group_000001,scPDB:3n4b_1:accepted,3n4b_1,scPDB,accepted,accepted,/public/share/yanjianbin/liuyugeng/PLDB/scPDB_process/3n4b_1/3n4b_1_protein_clean_single_chain.pdb,/public/share/yanjianbin/liuyugeng/PLDB/scPDB_process/3n4b_1/3n4b_1_pocket_clean_single_chain.pdb,24
protein_group_000001,scPDB:3nb5_1:accepted,3nb5_1,scPDB,accepted,accepted,/public/share/yanjianbin/liuyugeng/PLDB/scPDB_process/3nb5_1/3nb5_1_protein_clean_single_chain.pdb,/public/share/yanjianbin/liuyugeng/PLDB/scPDB_process/3nb5_1/3nb5_1_pocket_clean_single_chain.pdb,26
protein_group_000001,scPDB:3ni5_1:accepted,3ni5_1,scPDB,accepted,accepted,/public/share/yanjianbin/liuyugeng/PLDB/scPDB_process/3ni5_1/3ni5_1_protein_clean_single_chain.pdb,/public/share/yanjianbin/liuyugeng/PLDB/scPDB_process/3ni5_1/3ni5_1_pocket_clean_single_chain.pdb,25
protein_group_000001,scPDB:3oim_1:accepted,3oim_1,scPDB,accepted,accepted,/public/share/yanjianbin/liuyugeng/PLDB/scPDB_process/3oim_1/3oim_1_protein_clean_single_chain.pdb,/public/share/yanjianbin/liuyugeng/PLDB/scPDB_process/3oim_1/3oim_1_pocket_clean_single_chain.pdb,24
protein_group_000001,scPDB:3oy0_1:accepted,3oy0_1,scPDB,accepted,accepted,/public/share/yanjianbin/liuyugeng/PLDB/scPDB_process/3oy0_1/3oy0_1_protein_clean_single_chain.pdb,/public/share/yanjianbin/liuyugeng/PLDB/scPDB_process/3oy0_1/3oy0_1_pocket_clean_single_chain.pdb,28
protein_group_000001,scPDB:3oyq_1:accepted,3oyq_1,scPDB,accepted,accepted,/public/share/yanjianbin/liuyugeng/PLDB/scPDB_process/3oyq_1/3oyq_1_protein_clean_single_chain.pdb,/public/share/yanjianbin/liuyugeng/PLDB/scPDB_process/3oyq_1/3oyq_1_pocket_clean_single_chain.pdb,26
protein_group_000001,scPDB:3oys_1:accepted,3oys_1,scPDB,accepted,accepted,/public/share/yanjianbin/liuyugeng/PLDB/scPDB_process/3oys_1/3oys_1_protein_clean_single_chain.pdb,/public/share/yanjianbin/liuyugeng/PLDB/scPDB_process/3oys_1/3oys_1_pocket_clean_single_chain.pdb,24
protein_group_000001,scPDB:3p5a_1:accepted,3p5a_1,scPDB,accepted,accepted,/public/share/yanjianbin/liuyugeng/PLDB/scPDB_process/3p5a_1/3p5a_1_protein_clean_single_chain.pdb,/public/share/yanjianbin/liuyugeng/PLDB/scPDB_process/3p5a_1/3p5a_1_pocket_clean_single_chain.pdb,22
protein_group_000001,scPDB:3p5l_1:accepted,3p5l_1,scPDB,accepted,accepted,/public/share/yanjianbin/liuyugeng/PLDB/scPDB_process/3p5l_1/3p5l_1_protein_clean_single_chain.pdb,/public/share/yanjianbin/liuyugeng/PLDB/scPDB_process/3p5l_1/3p5l_1_pocket_clean_single_chain.pdb,23
protein_group_000001,scPDB:3po6_1:accepted,3po6_1,scPDB,accepted,accepted,/public/share/yanjianbin/liuyugeng/PLDB/scPDB_process/3po6_1/3po6_1_protein_clean_single_chain.pdb,/public/share/yanjianbin/liuyugeng/PLDB/scPDB_process/3po6_1/3po6_1_pocket_clean_single_chain.pdb,23
protein_group_000001,scPDB:3qyk_1:accepted,3qyk_1,scPDB,accepted,accepted,/public/share/yanjianbin/liuyugeng/PLDB/scPDB_process/3qyk_1/3qyk_1_protein_clean_single_chain.pdb,/public/share/yanjianbin/liuyugeng/PLDB/scPDB_process/3qyk_1/3qyk_1_pocket_clean_single_chain.pdb,30
protein_group_000001,scPDB:3rz8_1:accepted,3rz8_1,scPDB,accepted,accepted,/public/share/yanjianbin/liuyugeng/PLDB/scPDB_process/3rz8_1/3rz8_1_protein_clean_single_chain.pdb,/public/share/yanjianbin/liuyugeng/PLDB/scPDB_process/3rz8_1/3rz8_1_pocket_clean_single_chain.pdb,25
protein_group_000001,scPDB:3s8x_1:accepted,3s8x_1,scPDB,accepted,accepted,/public/share/yanjianbin/liuyugeng/PLDB/scPDB_process/3s8x_1/3s8x_1_protein_clean_single_chain.pdb,/public/share/yanjianbin/liuyugeng/PLDB/scPDB_process/3s8x_1/3s8x_1_pocket_clean_single_chain.pdb,28
protein_group_000001,scPDB:3s9t_1:accepted,3s9t_1,scPDB,accepted,accepted,/public/share/yanjianbin/liuyugeng/PLDB/scPDB_process/3s9t_1/3s9t_1_protein_clean_single_chain.pdb,/public/share/yanjianbin/liuyugeng/PLDB/scPDB_process/3s9t_1/3s9t_1_pocket_clean_single_chain.pdb,29
protein_group_000001,scPDB:3sax_1:accepted,3sax_1,scPDB,accepted,accepted,/public/share/yanjianbin/liuyugeng/PLDB/scPDB_process/3sax_1/3sax_1_protein_clean_single_chain.pdb,/public/share/yanjianbin/liuyugeng/PLDB/scPDB_process/3sax_1/3sax_1_pocket_clean_single_chain.pdb,29
protein_group_000001,scPDB:3sbi_1:accepted,3sbi_1,scPDB,accepted,accepted,/public/share/yanjianbin/liuyugeng/PLDB/scPDB_process/3sbi_1/3sbi_1_protein_clean_single_chain.pdb,/public/share/yanjianbin/liuyugeng/PLDB/scPDB_process/3sbi_1/3sbi_1_pocket_clean_single_chain.pdb,23
protein_group_000001,scPDB:3sbh_1:accepted,3sbh_1,scPDB,accepted,accepted,/public/share/yanjianbin/liuyugeng/PLDB/scPDB_process/3sbh_1/3sbh_1_protein_clean_single_chain.pdb,/public/share/yanjianbin/liuyugeng/PLDB/scPDB_process/3sbh_1/3sbh_1_pocket_clean_single_chain.pdb,27
protein_group_000001,scPDB:3t82_1:accepted,3t82_1,scPDB,accepted,accepted,/public/share/yanjianbin/liuyugeng/PLDB/scPDB_process/3t82_1/3t82_1_protein_clean_single_chain.pdb,/public/share/yanjianbin/liuyugeng/PLDB/scPDB_process/3t82_1/3t82_1_pocket_clean_single_chain.pdb,31
protein_group_000001,scPDB:3t84_1:accepted,3t84_1,scPDB,accepted,accepted,/public/share/yanjianbin/liuyugeng/PLDB/scPDB_process/3t84_1/3t84_1_protein_clean_single_chain.pdb,/public/share/yanjianbin/liuyugeng/PLDB/scPDB_process/3t84_1/3t84_1_pocket_clean_single_chain.pdb,29
protein_group_000001,scPDB:3t85_1:accepted,3t85_1,scPDB,accepted,accepted,/public/share/yanjianbin/liuyugeng/PLDB/scPDB_process/3t85_1/3t85_1_protein_clean_single_chain.pdb,/public/share/yanjianbin/liuyugeng/PLDB/scPDB_process/3t85_1/3t85_1_pocket_clean_single_chain.pdb,30
protein_group_000001,scPDB:3v2j_1:accepted,3v2j_1,scPDB,accepted,accepted,/public/share/yanjianbin/liuyugeng/PLDB/scPDB_process/3v2j_1/3v2j_1_protein_clean_single_chain.pdb,/public/share/yanjianbin/liuyugeng/PLDB/scPDB_process/3v2j_1/3v2j_1_pocket_clean_single_chain.pdb,24
protein_group_000001,scPDB:4bf1_1:accepted,4bf1_1,scPDB,accepted,accepted,/public/share/yanjianbin/liuyugeng/PLDB/scPDB_process/4bf1_1/4bf1_1_protein_clean_single_chain.pdb,/public/share/yanjianbin/liuyugeng/PLDB/scPDB_process/4bf1_1/4bf1_1_pocket_clean_single_chain.pdb,25
protein_group_000001,scPDB:4bf6_1:accepted,4bf6_1,scPDB,accepted,accepted,/public/share/yanjianbin/liuyugeng/PLDB/scPDB_process/4bf6_1/4bf6_1_protein_clean_single_chain.pdb,/public/share/yanjianbin/liuyugeng/PLDB/scPDB_process/4bf6_1/4bf6_1_pocket_clean_single_chain.pdb,24
protein_group_000001,scPDB:4dz7_1:accepted,4dz7_1,scPDB,accepted,accepted,/public/share/yanjianbin/liuyugeng/PLDB/scPDB_process/4dz7_1/4dz7_1_protein_clean_single_chain.pdb,/public/share/yanjianbin/liuyugeng/PLDB/scPDB_process/4dz7_1/4dz7_1_pocket_clean_single_chain.pdb,27
protein_group_000001,scPDB:4itp_1:accepted,4itp_1,scPDB,accepted,accepted,/public/share/yanjianbin/liuyugeng/PLDB/scPDB_process/4itp_1/4itp_1_protein_clean_single_chain.pdb,/public/share/yanjianbin/liuyugeng/PLDB/scPDB_process/4itp_1/4itp_1_pocket_clean_single_chain.pdb,25
protein_group_000001,scPDB:4ito_1:accepted,4ito_1,scPDB,accepted,accepted,/public/share/yanjianbin/liuyugeng/PLDB/scPDB_process/4ito_1/4ito_1_protein_clean_single_chain.pdb,/public/share/yanjianbin/liuyugeng/PLDB/scPDB_process/4ito_1/4ito_1_pocket_clean_single_chain.pdb,25
protein_group_000001,scPDB:4iwz_1:accepted,4iwz_1,scPDB,accepted,accepted,/public/share/yanjianbin/liuyugeng/PLDB/scPDB_process/4iwz_1/4iwz_1_protein_clean_single_chain.pdb,/public/share/yanjianbin/liuyugeng/PLDB/scPDB_process/4iwz_1/4iwz_1_pocket_clean_single_chain.pdb,25
protein_group_000001,scPDB:4knj_1:accepted,4knj_1,scPDB,accepted,accepted,/public/share/yanjianbin/liuyugeng/PLDB/scPDB_process/4knj_1/4knj_1_protein_clean_single_chain.pdb,/public/share/yanjianbin/liuyugeng/PLDB/scPDB_process/4knj_1/4knj_1_pocket_clean_single_chain.pdb,29
protein_group_000001,scPDB:4kni_1:accepted,4kni_1,scPDB,accepted,accepted,/public/share/yanjianbin/liuyugeng/PLDB/scPDB_process/4kni_1/4kni_1_protein_clean_single_chain.pdb,/public/share/yanjianbin/liuyugeng/PLDB/scPDB_process/4kni_1/4kni_1_pocket_clean_single_chain.pdb,28
protein_group_000001,scPDB:4m2r_1:accepted,4m2r_1,scPDB,accepted,accepted,/public/share/yanjianbin/liuyugeng/PLDB/scPDB_process/4m2r_1/4m2r_1_protein_clean_single_chain.pdb,/public/share/yanjianbin/liuyugeng/PLDB/scPDB_process/4m2r_1/4m2r_1_pocket_clean_single_chain.pdb,29
protein_group_000001,scPDB:4mo8_1:accepted,4mo8_1,scPDB,accepted,accepted,/public/share/yanjianbin/liuyugeng/PLDB/scPDB_process/4mo8_1/4mo8_1_protein_clean_single_chain.pdb,/public/share/yanjianbin/liuyugeng/PLDB/scPDB_process/4mo8_1/4mo8_1_pocket_clean_single_chain.pdb,24
protein_group_000001,scPDB:4n16_1:accepted,4n16_1,scPDB,accepted,accepted,/public/share/yanjianbin/liuyugeng/PLDB/scPDB_process/4n16_1/4n16_1_protein_clean_single_chain.pdb,/public/share/yanjianbin/liuyugeng/PLDB/scPDB_process/4n16_1/4n16_1_pocket_clean_single_chain.pdb,30
protein_group_000001,scPDB:5flt_1:accepted,5flt_1,scPDB,accepted,accepted,/public/share/yanjianbin/liuyugeng/PLDB/scPDB_process/5flt_1/5flt_1_protein_clean_single_chain.pdb,/public/share/yanjianbin/liuyugeng/PLDB/scPDB_process/5flt_1/5flt_1_pocket_clean_single_chain.pdb,22
protein_group_000001,PDBbind2020:4lp6:accepted_pseudo_chainA,4lp6,PDBbind2020,accepted_pseudo_chainA,accepted_pseudo_chainA,/public/share/yanjianbin/liuyugeng/PLDB/PDBbind2020_pseudo_chainA_from_rejected_debug/4lp6/4lp6_protein_pseudo_chainA.pdb,/public/share/yanjianbin/liuyugeng/PLDB/PDBbind2020_pseudo_chainA_from_rejected_debug/4lp6/4lp6_pocket_pseudo_chainA.pdb,129
